# vtk DataFile Version 5.1
vtk output
ASCII
DATASET POLYDATA
POINTS 5054 float
-8.65124 27.6135 -25.9383 -8.81217 27.6503 -25.7812 -9.00264 27.0538 -25.3644 
-9.3096 26.4157 -24.7991 -9.66844 25.7391 -24.1674 -10.078 25.0929 -23.5292 
-10.5126 24.4678 -22.882 -10.9432 23.8492 -22.2256 -11.3523 23.2188 -21.5671 
-11.7396 22.5654 -20.9179 -12.1118 21.8871 -20.2852 -12.4735 21.1939 -19.6633 
-12.7778 20.5026 -19.0275 -12.9585 19.8282 -18.355 -12.9315 19.2011 -17.6181 
-12.747 18.6407 -16.8358 -12.4684 18.1671 -16.0172 -12.1293 17.8039 -15.1607 
-11.7595 17.5513 -14.2757 -11.4057 17.3874 -13.3629 -11.1683 17.3405 -12.4106 
-11.1262 17.4384 -11.4419 -11.2408 17.6656 -10.4918 -11.4007 17.983 -9.56696 
-11.5457 18.3779 -8.66514 -11.7169 18.8376 -7.80726 -12.0428 19.3492 -7.06009 
-12.6655 19.8176 -6.52986 -13.5304 20.1115 -6.26347 -14.2582 20.2279 -6.31883 
-15.0017 20.0347 -6.25244 -15.917 19.6793 -6.56014 -16.548 19.1805 -7.11202 
-16.8679 18.6977 -7.89104 -17.0034 18.2743 -8.78017 -17.1189 17.9059 -9.69843 
-17.2417 17.6036 -10.6367 -17.3148 17.4039 -11.5996 -17.2242 17.3703 -12.5754 
-16.9643 17.4973 -13.5246 -16.6335 17.72 -14.4379 -16.3127 18.0105 -15.334 
-16.0308 18.3849 -16.2068 -15.8152 18.8724 -17.0354 -15.7065 19.4688 -17.807 
-15.732 20.1426 -18.5235 -15.9233 20.8542 -19.1876 -16.2122 21.562 -19.8283 
-16.5399 22.2476 -20.4765 -16.8864 22.8974 -21.1514 -17.2568 23.5113 -21.8466 
-17.6565 24.1004 -22.5476 -18.0757 24.6916 -23.2351 -18.4956 25.3005 -23.9031 
-18.8767 25.9503 -24.5522 -19.193 26.5484 -25.0887 -19.4387 27.041 -25.585 
-19.6124 27.3229 -25.8275 -40.0244 24.99 -27.9392 -39.4494 25.5338 -28.079 
-39.0395 25.4619 -28.0495 -38.1034 25.3812 -28.2579 -36.8114 25.0535 -28.486 
-36.2671 24.3538 -28.1656 -36.3496 23.6656 -27.4814 -35.9564 23.054 -27.0857 
-35.738 22.3743 -26.6121 -35.1565 21.8547 -26.4191 -35.0186 21.1988 -25.9341 
-35.0573 20.5858 -25.3878 -35.4943 19.8451 -24.6006 -35.3219 19.2262 -24.0759 
-35.603 18.5418 -23.3193 -35.7061 17.9146 -22.5702 -35.7513 17.3418 -21.7765 
-35.7063 16.8523 -20.9732 -35.6566 16.4167 -20.1195 -35.5139 16.0263 -19.2744 
-35.3029 15.6639 -18.4381 -35.0113 15.3378 -17.6174 -34.6371 15.0631 -16.8205 
-34.1868 14.8585 -16.0535 -33.6778 14.74 -15.3165 -33.1283 14.7156 -14.6027 
-32.5419 14.8057 -13.911 -31.8871 15.0227 -13.2827 -31.1508 15.3084 -12.7436 
-30.3432 15.5972 -12.2676 -29.5045 15.9487 -11.8536 -28.653 16.3499 -11.5303 
-27.7998 16.8074 -11.2906 -26.9371 17.2819 -11.1298 -26.0532 17.7342 -11.0386 
-25.1436 18.1396 -10.9935 -24.2104 18.484 -10.9458 -23.2593 18.7419 -10.8321 
-22.3117 18.8871 -10.5901 -21.4045 18.9522 -10.197 -20.5937 19.0235 -9.64345 
-19.9144 19.1453 -8.95889 -19.2963 19.2813 -8.22051 -18.6279 19.4143 -7.55787 
-17.8205 19.5838 -7.04691 -16.9489 19.8387 -6.67318 -16.0694 20.1826 -6.38294 
-15.1474 20.4804 -6.17792 -14.1131 20.6242 -6.10407 -13.4013 20.6616 -6.03461 
-12.8025 20.4107 -6.27213 -11.8435 20.0901 -6.53025 -10.9133 19.8552 -6.77618 
-9.95586 19.7791 -7.03149 -9.09229 19.779 -7.45636 -8.40618 19.7535 -8.1133 
-7.77398 19.7139 -8.84901 -7.07509 19.6862 -9.53172 -6.26559 19.6779 -10.0958 
-5.36722 19.6462 -10.4998 -4.41413 19.5446 -10.7255 -3.44517 19.3505 -10.8039 
-2.4932 19.0601 -10.8206 -1.5752 18.6777 -10.8627 -0.698087 18.2239 -10.9868 
0.143147 17.7409 -11.2144 0.965276 17.272 -11.5292 1.78081 16.8451 -11.9096 
2.58305 16.4602 -12.3428 3.35314 16.1025 -12.8282 4.07649 15.7708 -13.3774 
4.76016 15.4726 -13.9779 5.37456 15.2654 -14.6898 5.92856 15.1948 -15.4762 
6.50795 15.1986 -16.2238 7.06175 15.3205 -16.9817 7.54588 15.5452 -17.7685 
7.91532 15.8306 -18.5961 8.14497 16.1477 -19.4636 8.25032 16.4884 -20.3527 
8.26444 16.871 -21.2448 8.14975 17.3576 -22.1454 8.11415 17.8273 -22.9243 
7.97216 18.4071 -23.7048 7.786 19.0289 -24.4428 7.47366 19.7518 -25.2184 
7.23445 20.4346 -25.8872 7.11467 21.1309 -26.4642 6.99578 21.8517 -27.0214 
6.92972 22.513 -27.5432 7.18723 23.2529 -27.8835 7.16275 23.9767 -28.4376 
7.27884 24.7129 -28.9232 8.07438 25.5011 -29.0539 9.36023 25.9061 -28.9013 
9.99588 26.3477 -29.1453 10.5231 26.269 -29.2145 12.0525 24.9799 -29.0531 
-50.2177 18.4657 10.2404 -49.945 18.224 11.2695 -49.5774 17.9528 11.9838 
-48.9547 17.5302 12.3385 -48.7065 17.242 14.6007 -48.7334 16.9993 15.0557 
-48.4364 16.6343 15.6543 -48.106 16.1078 16.1355 -47.3948 15.5361 16.3726 
-46.5456 14.9958 16.5136 -45.7479 14.4454 16.7969 -44.9295 13.9625 16.8118 
-44.1181 13.4642 16.9578 -43.3085 12.9679 17.174 -42.4994 12.4759 17.4351 
-41.7004 11.9728 17.7182 -40.9419 11.4185 17.9998 -40.2738 10.7567 18.2534 
-39.7397 9.96116 18.4584 -39.3377 9.07082 18.6124 -39.0456 8.13075 18.7365 
-38.8591 7.16635 18.8588 -38.7677 6.19194 19.0006 -38.7363 5.21944 19.1705 
-38.7306 4.25227 19.3629 -38.72 3.29165 19.5587 -38.6734 2.32881 19.7263 
-38.5495 1.35751 19.8216 -38.3567 0.382266 19.8163 -38.1625 -0.591432 19.7239 
-38.0056 -1.56307 19.5618 -37.8915 -2.52863 19.3413 -37.82 -3.48343 19.0667 
-37.7999 -4.42594 18.7471 -37.84 -5.35813 18.3998 -37.94 -6.28385 18.0457 
-38.0907 -7.20393 17.6958 -38.2714 -8.11766 17.3454 -38.4702 -9.0239 16.988 
-38.6793 -9.92267 16.618 -38.8952 -10.8093 16.224 -39.1213 -11.6706 15.7985 
-39.3468 -12.4721 15.3419 -39.5188 -13.2203 14.7942 -39.6371 -13.9186 14.109 
-39.6826 -14.4952 13.3168 -39.6874 -14.96 12.4451 -39.6673 -15.327 11.5254 
-39.6342 -15.603 10.5747 -39.6083 -15.7865 9.60202 -39.614 -15.8855 8.61556 
-39.6661 -15.9146 7.62318 -39.7676 -15.8941 6.6322 -39.9187 -15.8422 5.6479 
-40.1152 -15.7707 4.67313 -40.3503 -15.6846 3.7097 -40.6215 -15.5878 2.75822 
-40.9321 -15.4814 1.81974 -41.2858 -15.3618 0.897032 -41.6831 -15.224 -0.00654942 
-42.1196 -15.0608 -0.888985 -42.5898 -14.8587 -1.746 -43.0859 -14.6125 -2.57617 
-43.5978 -14.3259 -3.37803 -44.1152 -13.9946 -4.15742 -44.6171 -13.6107 -4.92445 
-45.0642 -13.1553 -5.69325 -45.4066 -12.637 -6.46312 -45.6665 -12.0695 -7.23353 
-45.89 -11.4809 -8.00344 -46.0865 -10.9064 -8.76413 -46.25 -10.3344 -9.53014 
-46.4291 -9.73043 -10.3017 -46.5973 -9.12456 -11.0734 -46.7641 -8.52842 -11.8535 
-46.9501 -7.97226 -12.6486 -47.1154 -7.72753 -13.3488 -47.1815 -7.66233 -13.8807 
-47.1314 -7.65728 -14.3101 -47.2379 -7.32667 -14.7143 -47.2931 -7.25153 -14.9384 
-45.3124 -25.3361 25.8799 -44.9687 -25.1157 25.193 -44.7735 -24.2924 24.7825 
-44.5112 -23.6717 24.2207 -44.1578 -23.1048 23.548 -43.8062 -22.5118 22.881 
-43.3951 -22.0449 22.1126 -42.9799 -21.5737 21.345 -42.5511 -21.0967 20.5885 
-42.1575 -20.5558 19.8788 -41.8254 -19.9469 19.2313 -41.518 -19.3369 18.6104 
-41.263 -18.6888 18.075 -40.801 -18.2301 17.4559 -40.2649 -17.7942 16.8652 
-39.664 -17.3603 16.3151 -39.116 -16.8389 15.9473 -38.5376 -16.2959 15.6875 
-38.0084 -15.6214 15.6134 -37.5476 -14.816 15.7013 -37.1553 -13.9627 15.9057 
-36.7698 -13.1034 16.1692 -36.4025 -12.2406 16.4962 -36.0679 -11.3854 16.8822 
-35.7554 -10.5501 17.325 -35.4498 -9.73709 17.8111 -35.1628 -8.93014 18.319 
-34.9549 -8.08877 18.7853 -34.9002 -7.20868 19.1616 -34.981 -6.31922 19.4845 
-35.1558 -5.43711 19.7884 -35.3884 -4.56101 20.0573 -35.6489 -3.61661 20.2936 
-35.9288 -2.74262 20.6873 -36.1808 -1.8673 20.8172 -36.4152 -0.929079 20.9135 
-36.5674 0.0350762 20.8688 -36.6474 0.994146 20.7027 -36.6795 1.94475 20.4402 
-36.6976 2.87867 20.1102 -36.7299 3.80439 19.7526 -36.7968 4.72628 19.3887 
-36.9003 5.64184 19.022 -37.0442 6.54526 18.6484 -37.2319 7.44749 18.2887 
-37.4606 8.34242 17.9402 -37.7221 9.22585 17.5912 -38.0064 10.0878 17.2198 
-38.3169 10.917 16.8186 -38.7081 11.6714 16.4019 -39.2163 12.316 15.9917 
-39.7924 12.8732 15.5616 -40.4037 13.3651 15.1693 -40.9952 13.8342 14.7811 
-41.5572 14.3175 14.3532 -42.1915 14.7905 14.051 -42.6412 15.3634 13.145 
-43.3248 15.8407 12.7175 -44.0872 16.295 12.3622 -44.7601 16.737 11.7718 
-45.585 17.1559 11.4325 -46.0099 17.5528 10.3496 -46.7398 17.9501 9.8271 
-46.93 18.2958 9.1517 -47.2834 18.5238 8.3738 -47.8342 18.6831 7.89561 
-48.4413 18.8519 7.61101 -48.6477 19.2239 7.20031 -48.9099 -21.121 20.6419 
-49.689 -22.0077 19.6184 -49.5648 -21.6794 18.9304 -48.9326 -21.4926 18.5965 
-48.2635 -20.9891 18.2892 -47.563 -20.2052 18.0397 -46.821 -19.3159 17.7992 
-46.2571 -18.7638 17.3176 -45.5112 -18.3526 16.9226 -44.769 -17.9615 16.4885 
-44.0129 -17.5815 16.0359 -43.2776 -17.2154 15.5372 -42.576 -16.8756 14.9791 
-41.9273 -16.6002 14.3385 -41.3765 -16.421 13.5942 -40.9679 -16.3722 12.7439 
-40.7077 -16.4224 11.8252 -40.5715 -16.5184 10.8747 -40.5152 -16.619 9.91142 
-40.5295 -16.7112 8.84374 -40.5961 -16.7783 7.79363 -40.6969 -16.8251 6.81423 
-40.8342 -16.8642 5.83712 -41.0122 -16.8945 4.86732 -41.2262 -16.9095 3.90561 
-41.4737 -16.8986 2.95202 -41.7626 -16.864 2.01115 -42.113 -16.8094 1.0933 
-42.535 -16.7279 0.209037 -43.0486 -16.6017 -0.619094 -43.6545 -16.4217 -1.36772 
-44.3501 -16.2011 -2.01486 -45.0981 -15.9749 -2.57172 -45.796 -15.721 -3.10297 
-46.2128 -15.3921 -3.76009 -46.5592 -14.8286 -4.49875 -47.0849 -13.421 -5.38655 
23.4277 20.1222 11.0087 23.3594 20.0703 10.0773 23.5235 20.1477 9.46852 
23.2672 19.9596 9.86502 22.8786 19.6825 11.0906 22.4167 19.3561 12.0619 
21.9037 18.972 13.1487 21.387 18.5693 13.8538 20.9507 18.1374 14.5483 
20.3399 17.5426 15.3332 19.575 16.9529 15.7789 18.7934 16.4108 16.0701 
17.9863 15.9088 16.2648 17.1576 15.443 16.3903 16.3173 14.9921 16.5522 
15.4714 14.5544 16.7461 14.6229 14.1221 16.9629 13.7781 13.6817 17.1931 
12.9534 13.2097 17.4255 12.1839 12.6651 17.6529 11.522 12.0056 17.8731 
10.9952 11.2247 18.0826 10.5902 10.3541 18.275 10.2791 9.43 18.4436 
10.0424 8.47604 18.591 9.88372 7.50161 18.7247 9.8061 6.5167 18.8542 
9.80898 5.52865 18.9894 9.87454 4.54313 19.1319 9.96098 3.55738 19.2623 
10.0096 2.56454 19.3377 9.9963 1.56968 19.3186 9.95894 0.585846 19.2026 
9.93037 -0.377998 18.997 9.92392 -1.31988 18.7194 9.957 -2.2446 18.3933 
10.0432 -3.15854 18.0416 10.189 -4.06581 17.6812 10.3914 -4.97101 17.3332 
10.6478 -5.87882 17.0199 10.9519 -6.79802 16.7444 11.291 -7.69955 16.4964 
11.6366 -8.62922 16.2318 11.9112 -9.49099 15.9307 12.107 -10.3391 15.5626 
12.2367 -11.1688 15.1277 12.3254 -11.9784 14.6355 12.3565 -12.7564 14.0917 
12.2972 -13.471 13.4715 12.162 -14.0748 12.7412 12.0191 -14.5551 11.9035 
11.9196 -14.9421 11.005 11.8751 -15.2582 10.0708 11.8901 -15.5218 9.11705 
11.9733 -15.7379 8.15183 12.1262 -15.9026 7.18201 12.3473 -16.0026 6.21508 
12.6253 -16.0417 5.25876 12.9443 -16.0247 4.31437 13.2831 -15.9589 3.37903 
13.6268 -15.8435 2.45044 13.9697 -15.6778 1.52987 14.3158 -15.4604 0.621972 
14.671 -15.1967 -0.269956 15.0379 -14.8923 -1.14457 15.4152 -14.5564 -2.00322 
15.8041 -14.196 -2.84603 16.2071 -13.8197 -3.67372 16.6287 -13.4354 -4.48552 
17.0684 -13.0567 -5.27901 17.4607 -12.7591 -6.02632 17.774 -12.5707 -6.73414 
18.0477 -12.4605 -7.43397 18.2205 -12.4523 -8.13721 18.5562 -12.2068 -8.90055 
18.9799 -11.9631 -9.68359 19.3191 -12.6205 -10.0913 20.5668 -27.5533 35.6348 
20.2976 -26.5277 35.3739 19.8421 -26.3315 34.4479 19.6607 -26.2863 32.8692 
19.5247 -26.0687 31.5929 19.339 -25.6506 30.9541 19.0952 -25.2553 30.1012 
18.7828 -24.8779 29.3338 18.4821 -24.4364 28.7086 17.98 -24.0452 27.802 
17.5425 -23.611 26.9717 17.2462 -23.1122 26.3177 16.7857 -22.6886 25.4125 
16.3416 -22.2754 24.5728 16.0653 -21.7813 23.9174 15.5809 -21.3601 23.0107 
15.1474 -20.9013 22.1923 14.8659 -20.3648 21.5534 14.3937 -19.8542 20.7085 
13.9673 -19.3097 19.945 13.6798 -18.7137 19.3516 13.202 -18.1255 18.5703 
12.7562 -17.5171 17.8728 12.4055 -16.8916 17.3472 11.8686 -16.2244 16.696 
11.4267 -15.4622 16.3353 11.1228 -14.5848 16.216 10.7743 -13.6159 16.2176 
10.4051 -12.7014 16.3124 10.084 -11.7964 16.4357 9.63337 -10.8793 16.5489 
9.2125 -9.97947 16.7079 8.90715 -9.081 16.9141 8.51957 -8.17075 17.1676 
8.2139 -7.28815 17.51 7.99072 -6.19576 18.0282 7.84384 -5.67373 18.3618 
7.80756 -4.9816 18.7598 7.78834 -4.17985 19.3152 7.81754 -3.39342 19.9184 
7.976 -2.5816 20.4389 8.1179 -1.71425 20.9752 8.25663 -0.857291 21.4303 
8.48809 0.0770549 21.6626 8.67025 1.05654 21.7459 8.76391 2.00275 21.6744 
8.75108 2.99637 21.4627 8.63047 3.97302 21.2852 8.59519 4.93646 21.1696 
8.69235 5.94541 21.0605 8.8604 6.9221 21.0306 9.1416 7.85259 21.0854 
9.5378 8.79184 21.1476 9.97763 9.67804 21.2904 10.4767 10.4774 21.5027 
11.1264 11.2356 21.6902 11.8509 11.832 21.9856 12.634 12.2366 22.3965 
13.5045 12.597 22.7719 14.3382 12.9048 23.2176 15.174 13.1658 23.7116 
16.0106 13.4895 24.1153 16.8804 13.7813 24.5482 17.6956 14.0282 25.0651 
18.4661 14.3027 25.5392 19.1301 14.4824 26.072 19.9556 14.5207 26.6025 
21.0004 14.3344 26.9118 21.6645 14.3185 27.3115 22.3189 14.6482 27.4013 
23.0674 15.5725 26.5153 23.5825 15.9797 26.1516 21.1295 -8.919 -7.90877 
20.8098 -8.96621 -7.45139 20.3173 -9.17829 -6.99603 19.6869 -9.7134 -6.41896 
19.2264 -10.1988 -5.73154 18.7268 -10.7059 -5.0305 18.335 -11.4501 -4.13086 
17.9463 -12.0729 -3.26542 17.5031 -12.5021 -2.46618 16.9202 -12.785 -1.74374 
16.3554 -13.038 -0.977706 15.817 -13.245 -0.174706 15.3078 -13.3617 0.660032 
14.8405 -13.437 1.52628 14.4284 -13.445 2.42175 14.0751 -13.4105 3.34165 
13.7806 -13.344 4.27947 13.5471 -13.2484 5.22975 13.367 -13.1252 6.22965 
13.26 -12.9937 7.19824 13.1897 -12.8384 8.16974 13.179 -12.6484 9.13714 
13.227 -12.4172 10.1022 13.3498 -12.1419 11.0465 13.5794 -11.8401 11.9519 
13.9715 -11.5545 12.7706 14.5544 -11.3519 13.4478 15.2882 -11.2758 13.9556 
16.1084 -11.3116 14.3207 16.9711 -11.4343 14.5789 17.8554 -11.6232 14.7641 
18.7378 -11.83 14.9055 19.5587 -11.9656 15.0845 20.2836 -12.0477 15.3597 
20.9156 -12.1283 15.8175 21.1542 -12.2332 16.8208 20.821 -12.6519 18.7776 
-24.7635 54.102 0.748289 -24.7822 53.6373 1.09183 -24.9718 52.8404 1.69929 
-25.3517 51.9264 1.75111 -25.6618 51.0863 1.80442 -25.8802 50.2672 2.2776 
-25.9746 49.5844 2.8216 -26.1406 48.6208 2.79065 -26.1799 47.6936 2.81129 
-26.0504 46.8149 2.91094 -25.7769 45.9338 2.96723 -25.3706 45.0879 3.04503 
-24.8391 44.2954 3.14687 -24.1992 43.5602 3.26214 -23.5017 42.9157 3.46987 
-22.8045 42.3368 3.79024 -22.1719 41.7973 4.25144 -21.6547 41.2682 4.83871 
-21.2108 40.6996 5.48647 -20.877 40.0841 6.17615 -20.6233 39.4142 6.8635 
-20.4342 38.7028 7.52982 -20.2705 37.9485 8.16393 -20.1353 37.1678 8.77901 
-20.0144 36.371 9.36992 -19.9116 35.5582 9.94237 -19.8298 34.73 10.4959 
-19.7698 33.8882 11.0316 -19.7248 33.0364 11.553 -19.6872 32.1774 12.0633 
-19.6593 31.3123 12.5638 -19.6425 30.4434 13.058 -19.6347 29.5721 13.5479 
-19.634 28.6966 14.0306 -19.638 27.8154 14.5026 -19.6468 26.9275 14.962 
-19.6622 26.0304 15.4027 -19.6808 25.1214 15.8183 -19.7003 24.2001 16.2058 
-19.7215 23.268 16.5668 -19.745 22.3275 16.9053 -19.7683 21.3812 17.2271 
-19.7938 20.428 17.5276 -19.8288 19.465 17.7933 -19.8737 18.4916 18.0162 
-19.9115 17.574 18.1978 -19.9394 16.8076 18.3605 -19.9518 16.1982 18.3964 
-19.9489 14.9866 18.5616 -19.947 13.9926 18.6696 -19.9411 12.9962 18.7501 
-19.9381 11.9975 18.7968 -19.9458 10.9979 18.8115 -19.9628 9.99828 18.8015 
-19.9839 8.99897 18.7748 -20.0048 7.99991 18.7383 -20.0228 7.00082 18.7003 
-20.0356 6.00155 18.6655 -20.0422 5.00207 18.6353 -20.0516 4.00255 18.6089 
-20.0822 3.00371 18.5796 -20.1445 2.00709 18.5364 -20.2422 1.01477 18.471 
-20.3711 0.0278751 18.3824 -20.5262 -0.953063 18.2734 -20.7131 -1.9248 18.1388 
-20.9332 -2.88197 17.962 -21.1668 -3.82149 17.7262 -21.3745 -4.7486 17.4321 
-21.5328 -5.6734 17.099 -21.6263 -6.59076 16.7415 -21.6826 -7.51162 16.3681 
-21.6924 -8.42632 15.9826 -21.7078 -9.34309 15.5799 -21.7501 -10.2443 15.1519 
-21.8296 -11.1241 14.6861 -21.9132 -11.9755 14.1708 -21.9662 -12.7902 13.5971 
-21.9578 -13.5571 12.9607 -21.8816 -14.2658 12.2659 -21.7399 -14.9104 11.5213 
-21.5627 -15.4903 10.7336 -21.3883 -16.0034 9.90314 -21.196 -16.4482 9.04227 
-20.9381 -16.8118 8.15529 -20.6191 -17.0752 7.25025 -20.2705 -17.2441 6.36082 
-20.0197 -17.3964 5.62713 -19.8778 -17.6159 5.07264 -19.6961 -17.7882 4.68226 
-7.34144 -17.2417 6.23977 -6.91358 -17.2741 7.2904 -6.59643 -17.0174 8.05146 
-6.25774 -16.6162 8.84728 -5.94021 -16.1668 9.68681 -5.7234 -15.6474 10.5067 
-5.52117 -15.0857 11.3042 -5.29283 -14.4695 12.0536 -5.05571 -13.7906 12.7455 
-4.86036 -13.0498 13.3864 -4.7362 -12.2587 13.9842 -4.68505 -11.4246 14.5286 
-4.70542 -10.5551 15.0178 -4.76859 -9.66225 15.4616 -4.86196 -8.75606 15.8723 
-4.96929 -7.83972 16.2548 -5.09998 -6.91862 16.6136 -5.26904 -5.99647 16.9511 
-5.45815 -5.07332 17.2744 -5.65731 -4.15038 17.5913 -5.8673 -3.2233 17.8914 
-6.07973 -2.28192 18.145 -6.28195 -1.32297 18.3357 -6.47373 -0.351217 18.4655 
-6.65833 0.626843 18.5542 -6.83024 1.60925 18.6203 -6.98735 2.59481 18.6778 
-7.12677 3.58338 18.7294 -7.24217 4.57532 18.7762 -7.3291 5.57022 18.8234 
-7.39403 6.56665 18.8758 -7.45058 7.56352 18.9307 -7.50649 8.56053 18.9839 
-7.55775 9.55807 19.0306 -7.58917 10.5569 19.0637 -7.59489 11.5566 19.0743 
-7.58478 12.5562 19.0566 -7.57214 13.5544 19.003 -7.56127 14.5501 18.9124 
-7.55476 15.5283 18.7956 -7.54245 16.3144 18.7175 -7.57091 17.0461 18.5712 
-7.58412 18.0499 18.4069 -7.59897 19.0319 18.2191 -7.60639 20.0083 18.0042 
-7.6056 20.9778 17.7594 -7.60358 21.9382 17.4813 -7.60554 22.8876 17.1677 
-7.60509 23.8251 16.8202 -7.59795 24.7524 16.4463 -7.58372 25.6701 16.0494 
-7.55997 26.5777 15.6305 -7.52228 27.474 15.189 -7.4683 28.3593 14.7275 
-7.40517 29.2378 14.2543 -7.33339 30.1087 13.7684 -7.25783 30.9731 13.2718 
-7.18198 31.8333 12.768 -7.10167 32.6898 12.2589 -7.0127 33.5415 11.744 
-6.90296 34.3864 11.223 -6.76056 35.2201 10.6964 -6.57013 36.0277 10.1685 
-6.34874 36.8076 9.64779 -6.10407 37.5659 9.14739 -5.82002 38.3024 8.69051 
-5.5164 39.022 8.27041 -5.21231 39.7272 7.87936 -4.9191 40.4224 7.53145 
-4.63959 41.1068 7.20731 -4.36295 41.7763 6.81915 -4.03738 42.4081 6.33113 
-3.61499 43.0236 6.14356 -3.19089 43.6657 6.05425 -2.76756 44.3053 5.69898 
-2.35747 44.9727 5.15992 -1.9356 45.6315 4.21638 -1.75985 46.4752 3.99654 
-1.72119 47.3309 3.70274 -1.82856 48.2421 3.62094 -2.05918 49.1791 3.69305 
-2.35874 50.103 3.82275 -2.65258 50.9498 3.84594 -2.96772 51.7338 3.80138 
-3.35908 52.517 3.90886 -3.35605 52.895 3.00606 -3.20385 53.217 1.71951 
-3.18527 53.7507 0.981628 -23.1334 -33.2329 24.3804 -23.008 -32.5515 23.7715 
-23.29 -31.8425 23.2799 -23.9088 -31.1791 22.8203 -24.3047 -31.5647 20.8824 
-24.6762 -32.0494 18.9374 -25.1425 -32.1548 17.5799 -25.6303 -31.9215 16.5947 
-26.0147 -31.4704 15.7647 -26.39 -30.7351 15.1887 -26.7439 -30.0324 14.5801 
-27.0946 -29.3313 13.976 -27.4548 -28.7134 13.2711 -27.8406 -28.0485 12.6377 
-28.2643 -27.4452 11.9511 -28.6232 -26.8182 11.3203 -28.8761 -26.2498 10.6343 
-29.073 -25.5107 10.0767 -29.1388 -24.772 9.49885 -28.9736 -24.0739 8.91595 
-28.6521 -23.406 8.38006 -28.2836 -22.7515 7.85028 -27.9162 -22.0831 7.31659 
-27.5558 -21.3952 6.78358 -27.1946 -20.6886 6.26836 -26.8202 -19.9683 5.78053 
-26.4223 -19.253 5.31175 -26.0007 -18.5698 4.84221 -25.5823 -17.9416 4.33985 
-25.2007 -17.364 3.78909 -24.8678 -16.8126 3.20218 -24.5777 -16.268 2.58954 
-24.3239 -15.7324 1.944 -24.1126 -15.2295 1.24378 -23.9789 -14.7514 0.487967 
-23.9422 -14.3671 -0.31818 -23.9475 -13.9469 -1.23874 -23.9841 -13.4721 -2.10359 
-24.0406 -12.91 -2.90291 -24.1213 -12.2724 -3.66383 -24.2379 -11.586 -4.37514 
-24.3756 -10.8644 -5.05201 -24.5387 -10.1196 -5.69361 -24.7171 -9.36254 -6.31846 
-24.8872 -8.59883 -6.93144 -25.0367 -7.83244 -7.55157 -25.156 -7.08159 -8.19823 
-25.2486 -6.3594 -8.88152 -25.3316 -5.6666 -9.5972 -25.4305 -5.00634 -10.3408 
-25.5743 -4.39015 -11.1176 -25.7688 -3.83096 -11.9212 -25.9882 -3.34054 -12.7622 
-26.2034 -2.90806 -13.6395 -26.4045 -2.49813 -14.5271 -26.5984 -2.08168 -15.4136 
-26.7952 -1.65801 -16.2954 -27.0191 -1.2388 -17.1694 -27.2863 -0.836815 -18.0403 
-27.6144 -0.444515 -18.8938 -27.9717 -0.0686472 -19.7432 -28.3724 0.292461 -20.5766 
-28.5742 0.78896 -21.3429 -28.7721 1.16061 -22.1144 -29.0136 1.61618 -21.8339 
-29.5517 1.57872 -22.1903 4.05633 4.19227 -25.1346 3.94873 4.03566 -24.8372 
3.52281 3.43884 -24.4731 3.09534 2.91924 -23.7624 2.73888 2.35537 -23.0319 
2.31576 1.88931 -22.2676 1.87963 1.50588 -21.4655 1.46567 1.17392 -20.6271 
1.08982 0.862775 -19.7669 0.756631 0.539562 -18.8887 0.459727 0.197866 -18.0055 
0.200622 -0.167264 -17.113 -0.017805 -0.546031 -16.2154 -0.194677 -0.934526 -15.3131 
-0.341595 -1.33363 -14.41 -0.474257 -1.75747 -13.5154 -0.611599 -2.22829 -12.6456 
-0.737377 -2.7586 -11.8097 -0.829798 -3.34507 -11.0071 -0.887696 -3.97215 -10.2315 
-0.936273 -4.62554 -9.4774 -1.01101 -5.29621 -8.74197 -1.13605 -5.98805 -8.03299 
-1.3195 -6.69765 -7.35591 -1.5563 -7.42054 -6.70892 -1.81455 -8.14651 -6.07256 
-2.06702 -8.86322 -5.42347 -2.31027 -9.5565 -4.74675 -2.55916 -10.2141 -4.03766 
-2.81279 -10.835 -3.29716 -3.04645 -11.4549 -2.48901 -3.35367 -11.8922 -1.7685 
-3.37744 -12.3832 -1.00044 -3.52578 -12.8241 -0.0857643 -3.62738 -13.233 0.81825 
-3.65672 -13.658 1.70347 -3.57339 -14.1007 2.54811 -3.38398 -14.5519 3.34162 
-3.10495 -14.9939 4.09363 -2.74147 -15.4275 4.80623 -2.32471 -15.8655 5.48867 
-1.85784 -16.3365 6.13735 -1.36836 -16.8457 6.75972 -0.848755 -17.4061 7.35476 
-0.344591 -17.9766 7.95329 0.174904 -18.5557 8.54593 0.697654 -19.1197 9.13682 
1.23725 -19.6726 9.71516 1.77966 -20.2206 10.2798 2.29815 -20.776 10.8541 
2.68773 -21.368 11.4565 2.8008 -22.0049 12.092 2.53684 -22.5317 12.8411 
2.2242 -23.1382 13.5478 1.7657 -23.6549 14.375 1.34275 -24.2466 15.1439 
1.00589 -24.9459 15.7633 0.653688 -25.6894 16.2899 0.182188 -26.4646 16.7999 
-0.241826 -27.2304 17.2848 -0.498692 -28.0974 17.6565 -0.752069 -29.1244 17.8603 
-0.872572 -30.1852 17.9969 -1.12893 -31.1853 18.1726 -1.35384 -32.299 18.1618 
-1.69674 -32.9306 18.6584 -2.35324 -32.5683 20.3319 -20.3926 32.7557 -8.85735 
-20.4888 33.1166 -8.69452 -20.8038 34.0562 -8.66878 -20.9714 34.9831 -8.47587 
-20.7686 35.3852 -7.85572 -20.5599 35.9623 -7.27378 -20.3679 36.6274 -6.74148 
-20.1956 37.3786 -6.22339 -20.0935 38.1861 -5.71635 -20.0486 39.0178 -5.17985 
-20.0441 39.8161 -4.58493 -20.0571 40.5453 -3.90888 -20.0517 41.1688 -3.13785 
-19.9849 41.6543 -2.2766 -19.8434 41.9989 -1.357 -19.6554 42.2253 -0.408095 
-19.4597 42.3441 0.55874 -19.2739 42.3428 1.53632 -19.1064 42.2238 2.51048 
-18.9568 41.9963 3.47037 -18.8157 41.6719 4.40338 -18.6953 41.2483 5.2991 
-18.6056 40.7271 6.14572 -18.5416 40.1218 6.93779 -18.4835 39.4564 7.68121 
-18.4228 38.7477 8.3837 -18.3559 38.0098 9.0549 -18.2891 37.2481 9.69914 
-18.2302 36.4648 10.319 -18.1848 35.662 10.9133 -18.1497 34.8414 11.4835 
-18.1185 34.0095 12.0373 -18.0912 33.1687 12.5762 -18.0673 32.3164 13.0985 
-18.0514 31.4572 13.6097 -18.0497 30.5973 14.12 -18.0545 29.7364 14.6285 
-18.0602 28.8689 15.1256 -18.0717 27.9881 15.6002 -18.0954 27.0943 16.0478 
-18.1277 26.1886 16.4701 -18.1626 25.2705 16.8645 -18.1961 24.3408 17.2309 
-18.2252 23.4028 17.5758 -18.2514 22.4602 17.9085 -18.2783 21.5124 18.2259 
-18.3074 20.5558 18.5151 -18.3388 19.6007 18.7639 -18.3471 18.7603 19.013 
-18.3925 17.9465 19.0992 -18.4104 16.943 19.2821 -18.4149 15.9536 19.4266 
-18.412 14.9613 19.549 -18.4061 13.9662 19.6468 -18.4034 12.9687 19.7152 
-18.4176 11.9699 19.756 -18.4583 10.9711 19.775 -18.5187 9.97304 19.78 
-18.5888 8.97563 19.7765 -18.6644 7.97869 19.7662 -18.7427 6.98208 19.7487 
-18.821 5.98549 19.7277 -18.8982 4.98871 19.7136 -18.9764 3.99197 19.7195 
-19.069 2.99698 19.7485 -19.2035 2.00746 19.786 -19.403 1.02868 19.8034 
-19.653 0.0606141 19.7855 -19.9338 -0.897195 19.744 -20.2456 -1.84421 19.6928 
-20.6058 -2.77111 19.6235 -21.0221 -3.66372 19.4909 -21.4992 -4.48606 19.2218 
-21.9985 -5.24178 18.8482 -22.4896 -5.98221 18.4588 -22.9648 -6.73662 18.098 
-23.4095 -7.51988 17.7903 -23.8254 -8.32509 17.5449 -24.2252 -9.14001 17.3793 
-24.6144 -9.95033 17.296 -24.9737 -10.7448 17.2827 -25.2891 -11.5193 17.3093 
-25.5072 -12.285 17.3777 -25.6312 -13.0462 17.4689 -25.7001 -13.7999 17.5525 
-25.7873 -14.5731 17.5104 -25.8478 -15.3139 17.5543 -25.9637 -16.1773 17.1889 
-25.9387 -17.0407 16.8655 -25.721 -17.7992 16.9233 -25.3992 -18.5391 16.9808 
-25.311 -19.2201 17.8978 -7.33361 38.0483 -13.7477 -7.3502 36.89 -13.3639 
-7.05935 36.5681 -12.7851 -7.2477 35.0675 -11.2807 -7.40788 34.3463 -10.1715 
-7.48119 34.6173 -9.51998 -7.66595 34.8975 -8.8321 -7.92094 35.2276 -8.20427 
-8.14688 35.826 -7.66453 -8.32239 36.5612 -7.19755 -8.36911 37.4043 -6.78012 
-8.34184 38.2768 -6.34334 -8.28183 39.1383 -5.84384 -8.20163 39.9445 -5.26295 
-8.10681 40.6726 -4.59403 -8.00365 41.3026 -3.83456 -7.90601 41.8169 -2.98984 
-7.80804 42.2134 -2.07938 -7.72086 42.4828 -1.12578 -7.62828 42.6196 -0.145763 
-7.54098 42.6188 0.844948 -7.48127 42.4903 1.83607 -7.49215 42.2427 2.80369 
-7.54953 41.8958 3.73364 -7.63403 41.4525 4.623 -7.72226 40.9209 5.4629 
-7.81121 40.32 6.25677 -7.89497 39.668 7.01186 -7.97895 38.9751 7.72694 
-8.0681 38.2494 8.40842 -8.17763 37.5002 9.06172 -8.30352 36.7316 9.68386 
-8.42936 35.942 10.2839 -8.53071 35.1307 10.8587 -8.60098 34.3015 11.4125 
-8.64958 33.4617 11.9527 -8.68751 32.6154 12.4837 -8.72158 31.765 13.0085 
-8.75734 30.9117 13.5284 -8.7976 30.0554 14.0423 -8.83809 29.1931 14.5466 
-8.86833 28.3228 15.0374 -8.88191 27.44 15.506 -8.8784 26.5426 15.9461 
-8.86378 25.6329 16.3604 -8.84472 24.7134 16.7521 -8.82497 23.7845 17.1213 
-8.81156 22.8398 17.4567 -8.775 22.0855 17.75 -8.81247 21.3385 17.9346 
-8.80243 20.2853 18.213 -8.80109 19.3113 18.4381 -8.7946 18.331 18.6349 
-8.77971 17.3461 18.8065 -8.76121 16.3578 18.9565 -8.74873 15.3666 19.0872 
-8.74679 14.3727 19.1956 -8.75531 13.3761 19.2746 -8.7715 12.3775 19.3178 
-8.78455 11.3779 19.3267 -8.77669 10.3775 19.3073 -8.73535 9.37854 19.2597 
-8.67355 8.38347 19.2033 -8.59765 7.38727 19.137 -8.51552 6.39348 19.0847 
-8.40832 5.3993 19.0395 -8.26419 4.40998 19.0095 -8.08063 3.4273 18.9842 
-7.86804 2.45018 18.9498 -7.64176 1.47915 18.9208 -7.4045 0.50871 18.8743 
-7.16192 -0.455841 18.8147 -6.92045 -1.41788 18.6992 -6.6778 -2.36354 18.5327 
-6.44406 -3.29539 18.2773 -6.20969 -4.20866 17.9746 -5.98026 -5.10706 17.6493 
-5.74753 -6.00687 17.3202 -5.52456 -6.90653 16.9949 -5.30868 -7.80969 16.6583 
-5.10424 -8.70778 16.312 -4.90477 -9.60274 15.9422 -4.71799 -10.4855 15.5549 
-4.51134 -11.3304 15.1673 -4.31879 -12.1312 14.7877 -4.19087 -12.9003 14.4176 
-4.20579 -13.6529 14.0259 -4.3115 -14.3625 13.6322 -4.24291 -15.0081 13.3702 
-3.79506 -15.6754 13.2813 -3.8914 -16.3734 12.9177 -4.09432 -17.0458 12.6291 
-4.2043 -17.5807 12.8347 -38.1763 44.8477 -0.871026 -38.1162 44.8787 -1.0225 
-37.7069 44.8241 -1.2339 -36.9024 44.6909 -0.989549 -36.1161 44.463 -0.408349 
-35.4293 44.2429 0.266727 -34.8721 43.957 1.03028 -34.4128 43.5976 1.82042 
-34.0074 43.1607 2.62191 -33.5834 42.6882 3.39569 -33.039 42.2517 4.09199 
-32.3378 41.9168 4.68952 -31.5238 41.7076 5.1847 -30.6753 41.4225 5.54243 
-29.9016 40.8711 5.63795 -29.1656 40.2109 5.56886 -28.3989 39.578 5.43771 
-27.621 38.9868 5.27863 -26.8119 38.4201 5.10699 -25.9917 37.8938 4.9273 
-25.1476 37.3858 4.73316 -24.31 36.8996 4.51956 -23.456 36.4211 4.29369 
-22.5973 35.966 4.06656 -21.7214 35.5407 3.84662 -20.8269 35.1514 3.63417 
-19.9151 34.7996 3.42915 -18.9886 34.4833 3.2321 -18.0481 34.2062 3.04217 
-17.0941 33.9721 2.86168 -16.1282 33.7798 2.69638 -14.992 33.6105 2.58562 
-14.2527 33.551 2.34077 -13.4066 33.6168 2.37294 -12.4362 33.783 2.32133 
-11.4624 34.0011 2.33374 -10.4969 34.2498 2.38504 -9.54243 34.5312 2.46355 
-8.60056 34.8462 2.56194 -7.67094 35.19 2.67744 -6.75283 35.5583 2.80743 
-5.84839 35.9536 2.95109 -4.95976 36.3776 3.10813 -4.08433 36.8238 3.2765 
-3.21446 37.2796 3.44823 -2.34319 37.7371 3.60871 -1.47451 38.2063 3.74605 
-0.63225 38.7218 3.87194 0.155518 39.3229 3.9908 0.887878 39.9808 4.10779 
1.5871 40.6873 4.17114 2.26366 41.3788 4.11007 2.94172 41.9526 3.85251 
3.64458 42.3314 3.32819 4.41889 42.4209 2.81807 5.08571 42.663 2.11669 
5.69508 42.9447 1.38703 6.2654 43.2491 0.627699 6.85438 43.5493 -0.110441 
7.52426 43.7725 -0.765273 8.39374 43.6253 -1.07054 9.29871 43.6193 -1.45462 
10.3627 43.66 -1.72544 10.8637 43.8526 -2.10129 -25.24 56.2031 -8.57053 
-25.2674 55.8347 -8.6058 -25.3111 55.3501 -8.52805 -25.3344 54.8673 -8.40643 
-25.4597 54.3732 -8.00073 -25.6148 53.943 -6.7318 -25.7634 53.3967 -4.97783 
-25.8485 52.6953 -3.39613 -26.0453 52.0346 -2.42395 -26.2259 51.1945 -1.32387 
-26.5438 50.2895 -1.09512 -26.8128 49.3788 -0.826882 -27.0462 48.4456 -0.741583 
-27.225 47.4762 -0.586003 -27.3433 46.5356 -0.536713 -27.3469 45.5809 -0.525707 
-27.2061 44.6359 -0.484345 -26.887 43.7301 -0.44686 -26.4381 42.8807 -0.392244 
-25.9123 42.0772 -0.34238 -25.3291 41.3129 -0.302006 -24.6946 40.5899 -0.245852 
-23.9995 39.9213 -0.177499 -23.249 39.3127 -0.0961901 -22.4474 38.7689 0.00320025 
-21.5943 38.2966 0.107912 -20.6914 37.9115 0.20505 -19.75 37.6135 0.283714 
-18.786 37.382 0.340194 -17.8111 37.1894 0.380345 -16.8314 37.0175 0.40826 
-15.8484 36.86 0.422918 -14.8606 36.7303 0.413513 -13.7648 36.6618 0.364139 
-12.6551 36.7143 0.283641 -11.6752 36.8492 0.208599 -10.7039 37.0294 0.138981 
-9.73713 37.2303 0.072524 -8.77606 37.4507 0.000498124 -7.82615 37.7027 -0.0828716 
-6.8989 38.0109 -0.177211 -6.0045 38.3887 -0.277591 -5.15066 38.8365 -0.376272 
-4.33602 39.3421 -0.466439 -3.5696 39.9108 -0.543299 -2.86281 40.5456 -0.608311 
-2.23116 41.2503 -0.667288 -1.67811 42.0172 -0.728988 -1.23005 42.8542 -0.797802 
-0.913877 43.7538 -0.85665 -0.76 44.6981 -0.886879 -0.709127 45.6696 -0.813943 
-0.76635 46.6372 -0.778015 -0.870292 47.6228 -0.975183 -1.04822 48.5961 -1.16582 
-1.26388 49.5977 -1.64275 -1.49105 50.573 -2.03178 -1.73174 51.5689 -2.66761 
-1.98173 52.4671 -3.09704 -2.13454 53.1113 -3.80318 -2.30179 53.7011 -4.53576 
-2.42952 54.1899 -5.99733 -2.61954 54.5704 -8.44672 -2.71586 55.1004 -8.74376 
-2.77441 55.5076 -9.00993 -2.73831 56.0269 -8.95881 -2.71072 56.2395 -9.20728 
-25.238 -0.209764 36.4782 -25.5468 1.04459 35.9934 -25.1579 -0.178826 35.0482 
-25.1806 -0.110217 34.3476 -25.4728 0.419045 33.5537 -25.7863 1.22583 32.8113 
-25.983 2.16327 32.1587 -26.1033 3.33619 31.5293 -26.2869 3.93496 30.8052 
-26.4954 4.55609 30.0472 -26.6701 5.23576 29.348 -27.0366 5.46283 28.4636 
-27.4745 5.60352 27.5321 -27.8729 5.8357 26.6485 -28.2474 6.07724 25.7596 
-28.5674 6.32562 24.8575 -28.7942 6.58078 23.9394 -28.8999 6.83818 23.0136 
-28.8277 7.09389 22.1024 -28.5225 7.33868 21.2594 -27.9914 7.56357 20.5031 
-27.316 7.80894 19.8394 -26.5797 8.00417 19.2077 -25.822 8.18051 18.586 
-25.0599 8.35152 17.9673 -24.2942 8.52241 17.3541 -23.5073 8.68799 16.767 
-22.6758 8.8368 16.2398 -21.7898 8.96078 15.7979 -20.8652 9.06354 15.4337 
-19.9177 9.15394 15.1288 -18.9586 9.24257 14.8598 -17.9949 9.33685 14.6103 
-17.0317 9.44256 14.3645 -16.0686 9.55884 14.1249 -15.0972 9.66791 13.9296 
-14.077 9.73225 13.841 -12.9522 9.72195 13.9084 -11.9675 9.65357 14.0699 
-10.993 9.56994 14.2734 -10.0207 9.49294 14.4918 -9.05154 9.42322 14.7278 
-8.08696 9.35557 14.9817 -7.12988 9.28601 15.2607 -6.18814 9.20757 15.5846 
-5.28029 9.10904 15.9854 -4.41147 8.9914 16.4592 -3.5784 8.8599 16.9891 
-2.76685 8.72445 17.5509 -1.97081 8.58748 18.1355 -1.19052 8.44275 18.7388 
-0.445423 8.2745 19.3747 0.223554 8.0746 20.0691 0.722496 7.85047 20.8693 
0.985156 7.6351 21.7709 1.00392 7.44169 22.7272 0.877354 7.2498 23.6853 
0.642001 7.05282 24.6294 0.337674 6.85228 25.5562 -0.0145408 6.65134 26.467 
-0.393564 6.45275 27.3676 -0.788815 6.2595 28.2619 -1.18887 6.07254 29.1548 
-1.56827 5.8591 30.0335 -1.73293 5.17825 30.7276 -1.96336 4.64278 31.5091 
-2.06485 3.65074 32.1893 -2.15842 2.41757 32.8811 -2.1657 1.54655 33.7016 
-2.252 1.26878 34.4316 -2.24506 1.7066 35.3162 -2.2601 1.98706 36.0163 
-25.1537 -25.7182 26.5815 -25.6856 -23.9614 26.9233 -26.0394 -22.8594 26.7374 
-26.3481 -22.1227 26.2082 -26.6715 -21.4481 25.5694 -26.9995 -20.7881 24.9017 
-27.3323 -20.1404 24.2226 -27.669 -19.5224 23.5224 -28.0062 -18.9206 22.8073 
-28.3393 -18.3332 22.0776 -28.6655 -17.7574 21.3355 -28.9829 -17.1847 20.5874 
-29.2846 -16.6051 19.8389 -29.5603 -16.0071 19.0955 -29.7881 -15.3812 18.3607 
-29.9317 -14.7307 17.6356 -29.9206 -14.0809 16.9216 -29.7112 -13.4735 16.2157 
-29.2616 -12.9417 15.5544 -28.6469 -12.4473 14.9737 -27.9575 -11.945 14.4707 
-27.2546 -11.4231 14.0037 -26.5577 -10.8843 13.5474 -25.8656 -10.3394 13.0904 
-25.1677 -9.79672 12.6397 -24.4479 -9.26841 12.2093 -23.6805 -8.77636 11.8232 
-22.8559 -8.33763 11.4936 -21.9814 -7.95316 11.2223 -21.083 -7.59813 10.9841 
-20.1789 -7.24941 10.7569 -19.2799 -6.89137 10.5268 -18.3925 -6.51523 10.2874 
-17.523 -6.1155 10.0295 -16.6735 -5.69485 9.74442 -15.8246 -5.28499 9.44107 
-14.9285 -4.9586 9.16898 -13.8433 -4.80002 9.02208 -12.7473 -4.92299 9.12847 
-11.8416 -5.22968 9.38361 -10.9859 -5.62874 9.686 -10.1287 -6.03608 9.97587 
-9.25137 -6.41855 10.2418 -8.35826 -6.77525 10.4931 -7.45214 -7.10748 10.7349 
-6.53757 -7.42275 10.9722 -5.62693 -7.74005 11.2233 -4.74049 -8.08721 11.513 
-3.90271 -8.49151 11.8608 -3.11808 -8.94729 12.2626 -2.38181 -9.43524 12.714 
-1.67531 -9.9304 13.2027 -0.989892 -10.4246 13.72 -0.315219 -10.9121 14.2573 
0.349454 -11.3862 14.8184 0.980316 -11.848 15.4192 1.50234 -12.3219 16.0812 
1.86622 -12.8422 16.7803 2.06896 -13.4214 17.485 2.1236 -14.0445 18.191 
2.03569 -14.6895 18.9124 1.85581 -15.3295 19.6456 1.62985 -15.9567 20.3828 
1.38269 -16.5751 21.1213 1.12461 -17.1918 21.8578 0.861695 -17.812 22.5889 
0.594691 -18.4391 23.3117 0.321984 -19.0767 24.0232 0.0387043 -19.7179 24.7254 
-0.256779 -20.3634 25.4166 -0.574197 -21.0237 26.0907 -0.87228 -21.7893 26.6465 
-1.1867 -22.6611 27.0922 -1.51221 -23.9144 27.294 -1.85664 -25.2584 27.3937 
-2.13596 -26.4352 27.5688 -2.36541 -27.3918 27.7971 -2.55504 -28.4135 27.9447 
-2.63906 -29.2973 28.0357 -2.76277 -30.3531 27.7928 -20.6176 22.5823 38.5659 
-20.7052 23.8808 37.8436 -20.8902 24.2365 37.1438 -21.1303 24.43 36.4157 
-21.3712 24.6391 35.6486 -21.6734 24.6644 34.8484 -21.9754 24.6112 34.0397 
-22.3201 24.5347 33.1912 -22.6854 24.4094 32.3336 -23.0927 24.1857 31.4724 
-23.5054 23.9668 30.6006 -23.9106 23.7569 29.7291 -24.3146 23.5281 28.8545 
-24.7121 23.2934 27.9803 -25.1096 23.0527 27.1026 -25.5047 22.8171 26.228 
-25.9027 22.585 25.3533 -26.2986 22.356 24.4765 -26.6812 22.144 23.5885 
-27.0298 21.9495 22.6828 -27.3069 21.7825 21.7514 -27.4293 21.64 20.8016 
-27.2832 21.5582 19.8802 -26.8397 21.4874 19.0584 -26.1818 21.4929 18.3414 
-25.4307 21.4701 17.6914 -24.6603 21.4519 17.0579 -23.8911 21.4283 16.4224 
-23.1146 21.4086 15.7948 -22.3098 21.4079 15.2073 -21.4539 21.4361 14.7012 
-20.5435 21.4881 14.3003 -19.598 21.5557 13.9898 -18.6377 21.6408 13.7255 
-17.6744 21.7262 13.4728 -16.7125 21.8074 13.214 -15.7471 21.8806 12.9674 
-14.7544 21.9475 12.7878 -13.5512 21.9698 12.7375 -12.2728 22.0506 12.8965 
-11.2978 22.0589 13.1025 -10.3256 22.0578 13.3349 -9.35421 22.0432 13.5703 
-8.38379 22.0154 13.8082 -7.42022 21.9772 14.0738 -6.48274 21.9347 14.4125 
-5.58587 21.8995 14.8465 -4.72766 21.8768 15.355 -3.89235 21.8593 15.9012 
-3.06716 21.8429 16.464 -2.25704 21.827 17.0453 -1.49466 21.815 17.6765 
-0.854731 21.8272 18.4085 -0.449159 21.9082 19.264 -0.342974 22.0834 20.1983 
-0.470392 22.321 21.1416 -0.731183 22.5694 22.0677 -1.064 22.819 22.9715 
-1.43665 23.0684 23.8605 -1.82921 23.3161 24.7416 -2.22996 23.5573 25.6206 
-2.63328 23.7848 26.5015 -3.03757 23.9922 27.386 -3.44224 24.1746 28.2743 
-3.83518 24.3211 29.1599 -4.22284 24.4894 30.0341 -4.5992 24.6004 30.9215 
-4.96522 24.6738 31.8251 -5.32594 24.7634 32.7333 -5.6567 24.8347 33.6218 
-5.95763 24.8769 34.48 -6.21237 24.8194 35.3073 -6.39794 24.3984 36.1501 
-6.55184 23.7808 36.9961 -6.69086 22.0173 37.9873 -7.06339 19.5353 39.2117 
-24.7594 -41.2602 7.52503 -24.9215 -41.1144 7.80041 -25.7064 -41.7501 8.0291 
-25.8339 -41.2811 7.9613 -26.1251 -40.7533 7.71434 -26.5431 -40.06 7.36681 
-27.0333 -39.324 6.71571 -27.4297 -38.569 6.39855 -27.8324 -37.776 6.08499 
-28.2268 -36.9379 5.72367 -28.631 -36.0602 5.38111 -29.0404 -35.1589 5.12201 
-29.531 -34.1314 4.71159 -29.8552 -33.2648 4.78106 -30.1932 -32.3443 4.75405 
-30.4928 -31.4037 4.74434 -30.7388 -30.4497 4.7379 -30.9283 -29.4743 4.71229 
-31.0619 -28.4927 4.69136 -31.1394 -27.5052 4.66714 -31.1579 -26.5148 4.63332 
-31.1078 -25.5259 4.58062 -30.9902 -24.5479 4.5019 -30.8113 -23.5798 4.37656 
-30.5889 -22.6286 4.2186 -30.3285 -21.6865 4.04445 -30.0339 -20.7532 3.87287 
-29.7044 -19.8269 3.7185 -29.3367 -18.9113 3.58084 -28.929 -18.0096 3.46035 
-28.4798 -17.1252 3.35642 -27.9883 -16.2622 3.2681 -27.4523 -15.4251 3.19288 
-26.8622 -14.6253 3.13393 -26.2075 -13.8768 3.09213 -25.4808 -13.1962 3.06064 
-24.695 -12.5851 3.02663 -23.8643 -12.0341 2.98134 -23.0047 -11.5288 2.92346 
-22.1267 -11.0569 2.85447 -21.239 -10.6043 2.7816 -20.347 -10.1605 2.70782 
-19.4529 -9.71864 2.64077 -18.5542 -9.28514 2.58427 -17.6403 -8.88511 2.53489 
-16.6985 -8.55919 2.4926 -15.7268 -8.33783 2.46065 -14.7361 -8.21698 2.44599 
-13.7389 -8.15805 2.45546 -12.7559 -8.14363 2.48152 -11.7995 -8.15874 2.56398 
-10.9566 -8.35826 2.55901 -9.88954 -8.61349 2.66555 -8.94615 -8.93116 2.745 
-8.01029 -9.27153 2.82987 -7.07798 -9.62118 2.91872 -6.14645 -9.97253 3.00866 
-5.2167 -10.3285 3.09643 -4.29391 -10.7026 3.17957 -3.38749 -11.1145 3.25768 
-2.51274 -11.5888 3.32745 -1.68736 -12.1422 3.39377 -0.926119 -12.7808 3.45636 
-0.234399 -13.4939 3.51935 0.393218 -14.2659 3.58548 0.963945 -15.0792 3.65901 
1.48475 -15.9238 3.74859 1.9638 -16.7912 3.86226 2.40686 -17.6695 4.00006 
2.81961 -18.5599 4.17022 3.20472 -19.4549 4.35967 3.56938 -20.3547 4.55948 
3.91085 -21.2621 4.75144 4.21783 -22.1872 4.90919 4.45633 -23.1391 5.0275 
4.59545 -24.1162 5.11401 4.63098 -25.105 5.17831 4.57956 -26.0961 5.23091 
4.46569 -27.0796 5.28279 4.30333 -28.0588 5.34832 4.10801 -29.0259 5.43579 
3.88229 -29.9856 5.56038 3.63003 -30.9278 5.71975 3.34234 -31.8575 5.91581 
3.02616 -32.7651 6.14737 2.67598 -33.6528 6.41432 2.29723 -34.5132 6.72292 
1.89198 -35.3447 7.08002 1.46879 -36.1391 7.49504 1.03645 -36.8892 7.97571 
0.602783 -37.5928 8.52795 0.165292 -38.2508 9.10486 -0.251671 -38.8587 9.59056 
-0.573995 -39.4241 9.9003 -0.891576 -39.9849 10.1289 -1.18647 -40.5557 10.3205 
-1.46275 -41.1223 10.3959 -1.31521 -41.6394 10.0591 -1.22085 -42.0698 9.74403 
11.5504 8.93819 -16.0062 11.511 8.57962 -16.0294 11.5312 8.07056 -15.6839 
11.5784 7.50582 -15.2559 11.6907 6.65293 -14.8256 11.8081 5.76166 -14.3945 
11.9131 4.86995 -13.9608 11.994 3.97878 -13.5218 12.0467 3.086 -13.0824 
12.074 2.19323 -12.6399 12.0762 1.3041 -12.1889 12.0482 0.421529 -11.7257 
11.99 -0.452945 -11.2495 11.8998 -1.31408 -10.7544 11.7754 -2.15831 -10.2392 
11.615 -2.98683 -9.70984 11.4106 -3.79466 -9.16375 11.1579 -4.56896 -8.5898 
10.8678 -5.30915 -7.98864 10.5574 -6.02932 -7.37239 10.2317 -6.72182 -6.73207 
9.89641 -7.37418 -6.05448 9.5617 -8.00495 -5.35567 9.22227 -8.60102 -4.62944 
8.87398 -9.14439 -3.86665 8.52178 -9.63094 -3.06829 8.17968 -10.0477 -2.22758 
7.85955 -10.4001 -1.34891 7.55982 -10.7002 -0.443057 7.28165 -10.9312 0.488267 
7.02739 -11.105 1.43907 6.79636 -11.2465 2.40138 6.57986 -11.3593 3.37071 
6.36218 -11.426 4.34352 6.13183 -11.4401 5.31531 5.87411 -11.4147 6.28003 
5.56478 -11.3586 7.22761 5.18147 -11.2561 8.14298 4.72339 -11.1042 9.01624 
4.18896 -10.8873 9.82974 3.57157 -10.5931 10.5504 2.85913 -10.1976 11.1118 
2.0723 -9.70206 11.4479 1.25423 -9.14275 11.5174 0.443712 -8.57965 11.3802 
-0.354289 -8.04557 11.1065 -1.14692 -7.54792 10.757 -1.94059 -7.07861 10.3718 
-2.73939 -6.62575 9.97786 -3.54768 -6.18069 9.59519 -4.36559 -5.72847 9.24471 
-5.19099 -5.24824 8.96068 -6.01933 -4.7365 8.75193 -6.84415 -4.19982 8.59412 
-7.66094 -3.64859 8.44116 -8.47299 -3.10131 8.25174 -9.28849 -2.57782 8.0143 
-10.1211 -2.09929 7.7422 -10.9853 -1.68868 7.45672 -11.893 -1.3718 7.18509 
-12.8459 -1.16673 6.9753 -13.8343 -1.10142 6.88746 -14.8454 -1.20859 6.95102 
-15.6181 -1.38182 7.09183 -16.3912 -1.68962 7.27158 -17.234 -2.1111 7.50353 
-18.0547 -2.63139 7.72253 -18.8436 -3.21555 7.89239 -19.6161 -3.83647 7.99711 
-20.3786 -4.47723 8.03678 -21.1359 -5.12368 8.02224 -21.8991 -5.75788 7.98394 
-22.6742 -6.36957 7.96281 -23.4578 -6.96075 7.99813 -24.2421 -7.53993 8.12155 
-25.0176 -8.11495 8.33353 -25.7817 -8.6981 8.58665 -26.5367 -9.30579 8.81966 
-27.2811 -9.94541 9.00014 -28.0187 -10.6076 9.1017 -28.7459 -11.2825 9.08272 
-29.4478 -11.9525 8.90235 -30.1113 -12.5885 8.54802 -30.7216 -13.1692 8.04064 
-31.2645 -13.6947 7.41507 -31.7433 -14.1486 6.69249 -32.174 -14.5526 5.91526 
-32.5628 -14.9022 5.10003 -32.9176 -15.2124 4.25356 -33.2523 -15.4949 3.39132 
-33.5942 -15.6884 2.50416 -33.9488 -15.7823 1.59352 -34.321 -15.8023 0.682314 
-34.7077 -15.7245 -0.22637 -35.0893 -15.5746 -1.13052 -35.4465 -15.2947 -2.01593 
-35.7977 -14.89 -2.85485 -36.155 -14.3929 -3.63704 -36.5266 -13.8358 -4.37063 
-36.9081 -13.2416 -5.07279 -37.2932 -12.6196 -5.75095 -37.682 -11.9844 -6.41649 
-38.07 -11.3455 -7.07985 -38.458 -10.6907 -7.72768 -38.8436 -10.015 -8.35543 
-39.222 -9.32121 -8.96738 -39.5827 -8.59367 -9.54967 -39.921 -7.83098 -10.0996 
-40.237 -7.03926 -10.6211 -40.5246 -6.21235 -11.104 -40.7789 -5.35033 -11.5399 
-41.0041 -4.46129 -11.9346 -41.1953 -3.54833 -12.2892 -41.353 -2.61768 -12.6121 
-41.4722 -1.67252 -12.9065 -41.5497 -0.716843 -13.1791 -41.5933 0.243588 -13.4434 
-41.6115 1.20543 -13.7073 -41.6068 2.16694 -13.974 -41.5806 3.12689 -14.2456 
-41.5344 4.08433 -14.5233 -41.4693 5.03791 -14.8089 -41.3899 5.98534 -15.1062 
-41.426 6.55443 -15.2357 -41.6068 6.65784 -15.1191 -41.6812 7.04288 -15.1316 
-41.7535 7.38084 -15.0652 -41.749 7.90591 -15.1295 -41.7536 8.43301 -15.3004 
-41.8155 8.73634 -15.4371 -26.3242 0.695727 37.1662 -26.4562 0.885963 36.5945 
-26.6377 0.247808 35.3274 -26.9069 0.324275 34.3928 -27.2474 0.440168 33.4027 
-27.5689 0.512814 32.4653 -27.9156 0.599422 31.5387 -28.2903 0.701727 30.6239 
-28.6968 0.831045 29.7251 -29.1254 1.00225 28.8422 -29.5639 1.21461 27.9722 
-30.0033 1.46049 27.1105 -30.4251 1.76323 26.248 -30.8297 2.04793 25.3805 
-31.187 2.34462 24.4964 -31.4795 2.6573 23.5941 -31.7049 2.98417 22.6776 
-31.9063 3.32086 21.765 -32.1382 3.70434 20.8643 -32.4005 4.06372 19.9774 
-32.6326 4.41171 19.0766 -32.7985 4.7282 18.1496 -32.8808 5.0035 17.1983 
-32.8829 5.23493 16.2311 -32.813 5.42103 15.2544 -32.6871 5.5706 14.2756 
-32.513 5.68715 13.2996 -32.3082 5.76906 12.3277 -32.0873 5.8052 11.3594 
-31.8751 5.79784 10.3912 -31.6877 5.76471 9.41554 -31.5159 5.73197 8.44002 
-31.3345 5.71455 7.46283 -31.1275 5.71079 6.48818 -30.8929 5.71725 5.5182 
-30.6336 5.72899 4.55383 -30.3514 5.74432 3.59572 -30.0499 5.76063 2.64373 
-29.7302 5.77132 1.69778 -29.4021 5.77328 0.780964 -29.0823 5.77315 -0.066418 
-28.7763 5.75027 -0.893663 -28.3774 5.73255 -1.90761 -27.9947 5.69988 -2.82891 
-27.5782 5.65632 -3.73448 -27.1032 5.60315 -4.60956 -26.5575 5.52235 -5.43662 
-25.9313 5.39675 -6.1969 -25.2418 5.22686 -6.89229 -24.5042 5.02585 -7.52788 
-23.7246 4.80325 -8.10248 -22.9341 4.51543 -8.62747 -22.2649 3.98133 -9.10464 
-21.7827 3.21913 -9.52103 -21.3514 2.43442 -9.9606 -20.9229 1.68926 -10.4595 
-20.4815 1.01742 -11.0375 -20.0262 0.452117 -11.714 -19.5815 -0.0198574 -12.4691 
-19.1911 -0.387662 -13.3066 -18.8963 -0.670779 -14.2146 -18.7072 -0.926892 -15.1595 
-18.5919 -1.20245 -16.1093 -18.5212 -1.51418 -17.0527 -18.4726 -1.85765 -17.9876 
-18.4314 -2.23034 -18.9124 -18.3921 -2.62568 -19.8279 -18.3657 -3.03391 -20.7384 
-18.3638 -3.44017 -21.6501 -18.3868 -3.82931 -22.5689 -18.4332 -4.19071 -23.4981 
-18.487 -4.50743 -24.4424 -18.5271 -4.76563 -25.4037 -18.5396 -4.96512 -26.3785 
-18.5106 -5.11982 -27.36 -18.418 -5.21084 -28.3426 -18.2765 -5.18515 -29.3192 
-18.1909 -5.00925 -30.2611 -18.4209 -5.1925 -31.0088 -18.5452 -5.45861 -31.2678 
-26.5769 -7.64872 38.1336 -27.1343 -8.9771 36.8094 -27.7359 -10.1812 35.4442 
-28.0407 -10.6215 34.3957 -28.1106 -10.6993 33.5255 -28.2719 -10.4896 32.713 
-28.5072 -10.0982 31.8506 -28.7494 -9.72427 30.9883 -29.0004 -9.34861 30.1255 
-29.2577 -8.96232 29.2652 -29.5199 -8.56575 28.4077 -29.7854 -8.16293 27.5511 
-30.052 -7.75964 26.6923 -30.3169 -7.36051 25.8293 -30.5788 -6.9628 24.9637 
-30.8382 -6.55987 24.0982 -31.0933 -6.14623 23.2341 -31.3389 -5.71196 22.3748 
-31.5687 -5.25064 21.5237 -31.7828 -4.75722 20.6874 -31.9997 -4.23827 19.8699 
-32.2338 -3.71149 19.0642 -32.4637 -3.18998 18.2555 -32.6393 -2.68498 17.4272 
-32.7185 -2.20689 16.5735 -32.6918 -1.76873 15.6923 -32.5763 -1.36456 14.7958 
-32.4054 -0.976107 13.8998 -32.2096 -0.619155 12.9955 -32.0063 -0.299211 12.0778 
-31.7977 -0.00858494 11.1521 -31.5925 0.260033 10.219 -31.4136 0.516479 9.27918 
-31.2803 0.770247 8.33284 -31.1839 1.02239 7.37998 -31.0965 1.26165 6.41929 
-30.9886 1.47371 5.45243 -30.8399 1.65842 4.48442 -30.6488 1.82611 3.52101 
-30.4173 1.98492 2.56506 -30.1436 2.13044 1.61788 -29.8231 2.25229 0.682301 
-29.4474 2.34208 -0.237099 -29.003 2.39348 -1.1287 -28.4843 2.40096 -1.98014 
-27.8976 2.37323 -2.7848 -27.2458 2.31608 -3.53402 -26.5287 2.23274 -4.21674 
-25.7535 2.12756 -4.83285 -24.9414 1.97309 -5.42104 -24.1287 1.79433 -5.97224 
-23.314 1.57825 -6.50661 -22.5004 1.29833 -7.00717 -21.7194 0.907722 -7.47571 
-21.0352 0.435246 -8.00312 -20.4493 -0.0343121 -8.6321 -19.9075 -0.496396 -9.31011 
-19.42 -0.943861 -10.0478 -19.0005 -1.33573 -10.8613 -18.6668 -1.6328 -11.7462 
-18.4113 -1.85307 -12.678 -18.2354 -2.05026 -13.6329 -18.1445 -2.28551 -14.5821 
-18.1242 -2.58435 -15.5072 -18.1426 -2.93448 -16.4175 -18.1837 -3.32228 -17.3204 
-18.2429 -3.73876 -18.2161 -18.3204 -4.1744 -19.1034 -18.4183 -4.61744 -19.986 
-18.5375 -5.06324 -20.866 -18.6765 -5.51697 -21.741 -18.8433 -5.98154 -22.6081 
-19.0483 -6.44521 -23.4668 -19.292 -6.90131 -24.3184 -19.5544 -7.36622 -25.1577 
-19.7991 -7.85261 -25.9847 -19.9865 -8.30503 -26.837 -20.0674 -8.52157 -27.7749 
-20.0115 -8.53205 -28.7531 -19.8754 -8.43582 -29.7306 -19.7096 -8.26917 -30.6981 
-19.5059 -8.08742 -31.6543 -19.239 -7.95222 -32.6025 -18.9179 -7.885 -33.5411 
-18.5798 -7.86293 -34.4756 -18.2614 -7.8591 -35.4164 -17.9742 -7.86168 -36.3818 
-17.7266 -7.89639 -37.3476 -17.5165 -7.92466 -38.3229 -17.3518 -7.94055 -39.2921 
-17.2211 -7.93504 -40.2687 -17.1069 -7.98778 -41.2039 -17.0415 -8.08575 -42.1411 
-17.0057 -8.41871 -42.8361 -16.9672 -9.20717 -43.1778 -16.8163 -10.4239 -43.2806 
-16.9156 -11.284 -43.7253 -37.8772 44.486 -2.1236 -38.0247 44.6511 -2.55745 
-37.5394 44.9051 -2.65446 -38.0909 44.1094 -2.82977 -38.0093 43.7177 -2.99473 
-37.1848 43.7243 -2.603 -36.321 44.036 -2.27411 -35.5247 43.9615 -1.64952 
-34.7622 43.9524 -1.14216 -33.7687 44.3625 -1.01593 -32.9926 44.3848 -0.817626 
-32.2351 44.0787 -0.534205 -31.6389 43.3185 -0.114853 -31.0919 42.5216 0.0904227 
-30.5758 41.6867 0.183578 -30.0882 40.8226 0.234634 -29.6549 39.9319 0.27585 
-29.3112 39.0066 0.328206 -29.0791 38.0465 0.382565 -28.9509 37.0671 0.416725 
-28.9104 36.0772 0.433603 -28.9271 35.0842 0.44225 -28.9553 34.0891 0.462727 
-28.9333 33.0963 0.515823 -28.8029 32.1214 0.607497 -28.5477 31.1801 0.708955 
-28.1914 30.2809 0.771286 -27.7818 29.391 0.801005 -27.3624 28.4995 0.781777 
-26.9497 27.6039 0.7121 -26.5491 26.7058 0.599991 -26.1632 25.8067 0.44833 
-25.7978 24.9073 0.257248 -25.4629 24.0071 0.0289323 -25.1651 23.1355 -0.239039 
-24.9162 22.256 -0.546468 -24.7275 21.3574 -0.898559 -24.6019 20.4509 -1.30137 
-24.517 19.572 -1.74909 -24.4647 18.7266 -2.24448 -24.4279 17.922 -2.7939 
-24.3736 17.1683 -3.40786 -24.2427 16.4813 -4.08629 -24.0131 15.8636 -4.81672 
-23.7162 15.3099 -5.57458 -23.4074 14.7995 -6.34331 -23.097 14.3178 -7.11167 
-22.7614 13.8392 -7.86284 -22.3724 13.3376 -8.57844 -21.9305 12.8237 -9.24642 
-21.4671 12.338 -9.91421 -20.926 11.844 -10.4468 -20.3446 11.2846 -11.1631 
-19.8156 10.7086 -11.7642 -19.341 10.0507 -12.3212 -18.9341 9.31535 -12.8214 
-18.5739 8.54425 -13.2928 -18.2408 7.7732 -13.7818 -17.9174 7.00756 -14.2886 
-17.5887 6.22976 -14.7726 -17.2505 5.41952 -15.1494 -16.928 4.5751 -15.4444 
-16.6582 3.70616 -15.7506 -16.4844 2.85986 -16.1506 -16.3991 2.07204 -16.6739 
-16.3455 1.34246 -17.3018 -16.2905 0.642794 -17.9838 -16.2293 -0.0408664 -18.6853 
-16.1693 -0.710323 -19.3971 -16.1254 -1.35778 -20.1372 -16.099 -1.9549 -20.9186 
-16.0862 -2.4921 -21.7459 -16.0767 -2.97412 -22.6127 -16.053 -3.4027 -23.4997 
-16.0113 -3.78444 -24.4171 -15.9333 -4.11482 -25.3561 -15.8038 -4.39312 -26.2993 
-15.6133 -4.61459 -27.2484 -15.3646 -4.76066 -28.1913 -15.1088 -4.79695 -29.1395 
-14.9059 -4.69584 -30.0885 -14.7761 -4.45113 -31.0277 -14.6909 -4.15857 -31.944 
-14.6118 -3.97504 -32.8826 -14.5251 -3.98003 -33.8467 -14.4402 -4.10557 -34.8211 
-14.3648 -4.27213 -35.7991 -14.304 -4.46677 -36.7722 -14.2618 -4.69219 -37.7385 
-14.2446 -4.94594 -38.6976 -14.2579 -5.20874 -39.6563 -14.3017 -5.4762 -40.602 
-14.4278 -5.79223 -41.4111 -14.8156 -6.05391 -41.9496 -15.1876 -6.13445 -42.5195 
-15.4975 -6.24129 -43.0783 -15.5772 -6.71164 -43.2649 -15.5454 -7.30883 -43.5669 
-15.5447 -7.47347 -43.7611 -23.6597 17.3094 33.8754 -23.8358 18.2866 33.1676 
-24.3563 16.7503 32.2274 -24.8651 15.3466 31.6506 -25.177 16.1532 30.4979 
-25.5197 16.7637 29.5294 -25.9284 16.3717 28.6301 -26.3295 16.3398 27.7251 
-26.7409 16.3144 26.8228 -27.1552 16.2895 25.9201 -27.5631 16.2622 25.0135 
-27.951 16.2423 24.0974 -28.2983 16.2429 23.1651 -28.5837 16.2622 22.2129 
-28.7954 16.2871 21.2435 -29.0701 16.2693 20.3279 -29.4893 16.207 19.5058 
-30.0353 16.1293 18.7369 -30.6482 16.0632 17.9625 -31.211 16.0285 17.1503 
-31.7036 16.0204 16.2931 -32.104 16.0324 15.3892 -32.3943 16.0443 14.4446 
-32.5439 16.0244 13.4702 -32.5281 15.9382 12.4915 -32.3179 15.7605 11.5486 
-31.9232 15.4838 10.6898 -31.4113 15.1194 9.92677 -30.8571 14.7168 9.20903 
-30.3009 14.3083 8.49371 -29.7672 13.904 7.75907 -29.2769 13.5161 6.98749 
-28.8443 13.1541 6.17155 -28.4746 12.8252 5.31163 -28.1549 12.5305 4.41813 
-27.8654 12.2651 3.50314 -27.5933 12.0216 2.57506 -27.331 11.7929 1.63959 
-27.0762 11.5705 0.700376 -26.82 11.3401 -0.236139 -26.5462 11.0894 -1.16178 
-26.2459 10.8157 -2.07236 -25.9353 10.53 -2.97638 -25.6347 10.2463 -3.88465 
-25.3552 9.97107 -4.80203 -25.0889 9.69859 -5.72384 -24.8051 9.40808 -6.63424 
-24.486 9.08397 -7.4668 -24.1277 8.69779 -8.18114 -23.7836 8.33146 -8.7332 
-23.2069 7.62981 -9.48138 -22.7121 6.97154 -10.0418 -22.2544 6.27413 -10.5816 
-21.8415 5.55919 -11.1322 -21.4323 4.85248 -11.6986 -20.9947 4.16413 -12.267 
-20.5327 3.49477 -12.8407 -20.066 2.84527 -13.4379 -19.6117 2.21534 -14.0624 
-19.1742 1.6395 -14.7431 -18.7731 1.11309 -15.472 -18.4388 0.644736 -16.2651 
-18.1916 0.213385 -17.119 -18.0115 -0.212769 -17.9992 -17.8747 -0.64606 -18.8863 
-17.7659 -1.08365 -19.7765 -17.684 -1.51519 -20.6734 -17.6385 -1.92886 -21.5816 
-17.6249 -2.31706 -22.5024 -17.6293 -2.67889 -23.4342 -17.6125 -3.01139 -24.3766 
-17.553 -3.29915 -25.3314 -17.4437 -3.52402 -26.2981 -17.2573 -3.67515 -27.2659 
-16.9562 -3.74282 -28.2111 -16.5286 -3.7197 -29.1069 -16.0637 -3.58347 -29.9732 
-15.6815 -3.27693 -30.8283 -15.3941 -2.8184 -31.6534 -15.1599 -2.43028 -32.5127 
-14.9529 -2.36477 -33.4637 -14.7799 -2.47238 -34.4388 -14.6353 -2.61073 -35.4169 
-14.5215 -2.77561 -36.3948 -14.4382 -2.98005 -37.3676 -14.386 -3.24 -38.3291 
-14.3618 -3.55599 -39.2756 -14.3657 -3.91649 -40.2075 -14.3932 -4.29676 -41.1316 
-14.431 -4.68174 -42.0532 -14.468 -5.06981 -42.9722 -14.4851 -5.48531 -43.873 
-14.4662 -5.95052 -44.729 -14.4069 -6.47931 -45.4863 -15.9982 -5.59386 -45.8745 
-10.6879 -10.9982 -44.6485 -11.1205 -10.7456 -44.6222 -10.9745 -9.10917 -44.437 
-10.8528 -8.06015 -44.2218 -10.8258 -7.58944 -43.6928 -10.9105 -7.52537 -42.7537 
-10.9561 -7.50499 -41.773 -10.9226 -7.52372 -40.783 -10.7981 -7.43744 -39.9088 
-10.6432 -7.40749 -38.9658 -10.4439 -7.38539 -38.0117 -10.1815 -7.38749 -37.0562 
-9.84601 -7.41785 -36.1184 -9.43905 -7.44539 -35.2109 -8.9996 -7.44106 -34.3223 
-8.58391 -7.44111 -33.4173 -8.24837 -7.50142 -32.4649 -8.03089 -7.59153 -31.5084 
-7.88133 -7.735 -30.5375 -7.79107 -7.83856 -29.5654 -7.76242 -7.85264 -28.5933 
-7.82985 -7.75192 -27.6312 -7.99905 -7.53138 -26.6967 -8.22612 -7.2107 -25.794 
-8.47141 -6.84649 -24.908 -8.71434 -6.44843 -24.0313 -8.94158 -6.01106 -23.1659 
-9.14688 -5.53416 -22.3141 -9.32784 -5.02167 -21.4767 -9.48363 -4.47844 -20.6535 
-9.61528 -3.91508 -19.8398 -9.72342 -3.34138 -19.0302 -9.81116 -2.76233 -18.2223 
-9.88644 -2.1743 -17.421 -9.96345 -1.57139 -16.634 -10.0535 -0.962555 -15.8566 
-10.1352 -0.389973 -15.0518 -10.1152 0.0747489 -14.1742 -9.92725 0.405412 -13.2562 
-9.60234 0.678168 -12.3569 -9.20008 0.959102 -11.4905 -8.74682 1.27858 -10.6621 
-8.24481 1.63294 -9.8775 -7.70383 2.00579 -9.13447 -7.14112 2.44079 -8.45772 
-6.51547 2.97857 -7.93028 -5.79591 3.50034 -7.49993 -5.01326 3.88678 -7.02589 
-4.20554 4.18003 -6.49887 -3.4502 4.40712 -6.0008 -2.67378 4.5776 -5.43984 
-1.92286 4.71704 -4.80432 -1.24653 4.81405 -4.07835 -0.65419 4.88261 -3.27899 
-0.127286 4.93956 -2.43324 0.354597 4.98735 -1.56018 0.803114 5.02039 -0.668827 
1.21954 5.03603 0.238468 1.59982 5.03243 1.16146 1.94409 5.01333 2.09819 
2.25259 4.98516 3.047 2.52099 4.95265 4.0076 2.74265 4.91661 4.97976 
2.91408 4.87472 5.96088 3.03369 4.82212 6.94844 3.11368 4.75917 7.9391 
3.19025 4.69541 8.92947 3.30844 4.63867 9.9155 3.4784 4.57999 10.8945 
3.67206 4.50363 11.8692 3.85653 4.40399 12.8445 4.00529 4.28371 13.8232 
4.10052 4.14507 14.8054 4.13212 3.98828 15.7878 4.09034 3.81443 16.7663 
3.97728 3.62569 17.7365 3.82301 3.42548 18.699 3.68112 3.21994 19.6597 
3.58124 3.00091 20.6215 3.49964 2.75047 21.5786 3.38285 2.46644 22.5245 
3.19063 2.1662 23.4548 2.92128 1.86625 24.3675 2.59745 1.57466 25.2661 
2.24197 1.29715 26.1567 1.86677 1.04057 27.0451 1.4755 0.806816 27.9322 
1.07506 0.59583 28.8202 0.678898 0.406013 29.7142 0.304227 0.232536 30.62 
-0.0351608 0.0664285 31.5405 -0.337607 -0.100833 32.4731 -0.606804 -0.272325 33.4055 
-0.819176 -0.402247 34.3035 -1.01899 -0.611782 35.2006 -1.05198 -2.17031 35.7675 
-1.05007 -4.59409 36.2519 -1.02195 -6.28044 36.9809 -0.719095 -7.43333 37.2429 
0.232203 -16.1657 33.2894 0.198742 -15.6628 33.1238 0.249073 -15.4483 32.5283 
0.522722 -15.0074 31.6517 0.756925 -14.5116 30.8735 0.987102 -13.9837 30.0578 
1.18894 -13.4288 29.2523 1.36325 -12.8591 28.4499 1.52047 -12.2844 27.6482 
1.67331 -11.6977 26.8495 1.82819 -11.1273 26.0442 1.98344 -10.5426 25.2431 
2.13661 -9.96683 24.4389 2.28665 -9.39257 23.6337 2.43481 -8.81493 22.8357 
2.59285 -8.24244 22.0337 2.77027 -7.66923 21.2372 2.97304 -7.0913 20.4505 
3.20247 -6.51011 19.672 3.45874 -5.93595 18.9041 3.74759 -5.38024 18.1294 
4.06463 -4.84566 17.3524 4.38193 -4.34343 16.557 4.6317 -3.84026 15.748 
4.77533 -3.33318 14.9085 4.78754 -2.86081 14.0344 4.69221 -2.42243 13.1468 
4.52113 -1.99794 12.2571 4.31512 -1.60316 11.3628 4.09868 -1.22152 10.4652 
3.87939 -0.848882 9.56507 3.6745 -0.484402 8.66063 3.51869 -0.106704 7.75655 
3.44469 0.271462 6.83588 3.42701 0.628229 5.90244 3.4092 0.950911 4.95799 
3.35926 1.24067 4.00483 3.2654 1.50337 3.04685 3.11997 1.74161 2.0895 
2.91443 1.95793 1.13485 2.63821 2.14103 0.199287 2.28677 2.2873 -0.724619 
1.84169 2.37265 -1.61221 1.20887 2.51615 -2.76139 0.370263 2.32809 -3.67489 
-0.391359 2.1466 -4.28877 -1.17219 1.96584 -4.87916 -2.14944 1.32018 -4.86703 
-2.48941 1.61769 -5.73389 -3.34603 1.39372 -6.28774 -4.17716 1.14779 -6.80057 
-4.99997 0.815426 -7.25459 -5.78725 0.333496 -7.64444 -6.49 -0.222018 -8.06872 
-7.15108 -0.810636 -8.54661 -7.7521 -1.38683 -9.10282 -8.26705 -1.93831 -9.78078 
-8.64455 -2.37727 -10.5948 -8.88851 -2.65673 -11.5197 -9.04555 -2.81735 -12.4846 
-9.14544 -2.9022 -13.4748 -9.20499 -2.98371 -14.4638 -9.22756 -3.10855 -15.4499 
-9.21592 -3.30278 -16.4254 -9.16826 -3.56501 -17.3853 -9.08386 -3.87738 -18.3262 
-8.96684 -4.23869 -19.25 -8.82503 -4.64676 -20.1491 -8.66261 -5.07766 -21.0347 
-8.48197 -5.50298 -21.9227 -8.28284 -5.9154 -22.8097 -8.06582 -6.31927 -23.6955 
-7.82488 -6.71663 -24.576 -7.5644 -7.10476 -25.4548 -7.30499 -7.47238 -26.3396 
-7.084 -7.75767 -27.2594 -6.95988 -7.80458 -28.2404 -6.97373 -7.71671 -29.2497 
-7.04742 -7.56645 -30.2306 -7.08433 -7.57388 -30.974 -7.17244 -7.623 -31.6872 
-7.39256 -7.47682 -32.5891 -7.79741 -7.32669 -33.5819 -8.3119 -7.26764 -34.4834 
-8.85455 -7.26409 -35.3255 -9.35665 -7.26311 -36.1847 -9.78742 -7.2335 -37.1153 
-10.1153 -7.22372 -38.0572 -10.3436 -7.21599 -39.0294 -10.5088 -7.18412 -40.0132 
-10.6279 -7.13449 -40.9541 -10.6751 -7.12709 -41.542 -10.6643 -7.0867 -41.9784 
8.38664 46.6607 -5.20706 7.76995 47.0075 -5.3976 9.44208 45.1855 -4.49075 
9.41833 44.7316 -4.11352 8.69287 44.5633 -3.62123 7.54014 44.9779 -3.27629 
6.74103 44.976 -2.89037 5.92697 45.2097 -2.64007 5.3448 44.7797 -2.11888 
4.78905 44.3172 -1.59464 4.25538 43.8076 -1.10917 3.74245 43.1748 -0.722303 
3.25376 42.4076 -0.467259 2.77962 41.5671 -0.362885 2.34038 40.6821 -0.323309 
1.96162 39.7601 -0.291174 1.66578 38.8186 -0.264155 1.47264 37.843 -0.222236 
1.3752 36.8563 -0.203944 1.34717 35.8613 -0.210775 1.33679 34.8729 -0.253569 
1.28771 33.8946 -0.30179 1.14737 32.9197 -0.317142 0.895049 31.9816 -0.294564 
0.535351 31.0712 -0.263321 0.10713 30.1867 -0.243355 -0.349959 29.3162 -0.249024 
-0.810399 28.4449 -0.302634 -1.2613 27.5723 -0.395838 -1.69952 26.6963 -0.526228 
-2.11493 25.8154 -0.693895 -2.4944 24.9288 -0.896276 -2.81405 24.0308 -1.1371 
-3.06735 23.13 -1.41614 -3.26271 22.2282 -1.73119 -3.41214 21.3303 -2.07961 
-3.5174 20.4444 -2.46932 -3.58251 19.5742 -2.90365 -3.61718 18.7402 -3.39514 
-3.6637 17.9452 -3.94943 -3.80312 17.2168 -4.58498 -4.07029 16.5732 -5.27674 
-4.40079 15.9817 -5.97964 -4.73974 15.419 -6.69344 -5.07379 14.8771 -7.40446 
-5.4162 14.3301 -8.09985 -5.78982 13.762 -8.77147 -6.2141 13.1775 -9.4085 
-6.6896 12.5898 -10.0155 -7.1979 12.0099 -10.6153 -7.80605 11.1525 -11.2479 
-8.31422 10.1156 -11.607 -8.88086 10.0906 -12.5504 -9.04836 9.05641 -12.6956 
-9.28597 8.21834 -13.0918 -9.49552 7.39925 -13.5246 -9.68043 6.55421 -13.9686 
-9.87048 5.69579 -14.3781 -10.163 4.8456 -14.6582 -10.3889 3.94881 -14.918 
-10.5865 3.09098 -15.2569 -10.6666 2.2827 -15.723 -10.7288 1.59962 -16.3738 
-10.7862 0.964787 -17.0958 -10.8576 0.343117 -17.8381 -10.9052 -0.293455 -18.5693 
-10.9272 -0.925584 -19.3092 -10.9232 -1.54112 -20.0716 -10.9009 -2.11895 -20.8743 
-10.8674 -2.64901 -21.7155 -10.829 -3.12408 -22.5913 -10.81 -3.54467 -23.4952 
-10.8218 -3.91128 -24.4211 -10.8713 -4.22842 -25.3657 -10.9694 -4.49478 -26.3206 
-11.1169 -4.7101 -27.2848 -11.3328 -4.85938 -28.2406 -11.5859 -4.90435 -29.197 
-11.8468 -4.82246 -30.146 -12.0376 -4.5929 -31.0915 -12.1437 -4.27872 -31.9909 
-12.2522 -4.03295 -32.9074 -12.3393 -3.95875 -33.8539 -12.4696 -4.06168 -34.8519 
-12.57 -4.19453 -35.8294 -12.6755 -4.34892 -36.8039 -12.7783 -4.53696 -37.7797 
-12.8418 -4.74651 -38.7434 -12.8558 -4.97697 -39.7042 -12.8029 -5.20268 -40.6567 
-12.6818 -5.40387 -41.6102 -12.5206 -5.59356 -42.5664 -12.3517 -5.78402 -43.5271 
-12.1782 -5.91802 -44.3982 -11.8545 -5.6835 -44.8094 -11.5157 -5.29787 -44.9845 
-11.3163 -5.00924 -44.9459 -3.62324 18.0348 32.5365 -3.26662 16.7198 32.0633 
-2.94241 17.0234 31.1456 -2.56891 16.9454 30.242 -2.1901 16.9191 29.3216 
-1.80266 16.8833 28.4074 -1.4086 16.8405 27.4987 -1.02509 16.8955 26.5719 
-0.62272 16.8484 25.669 -0.212535 16.8007 24.7704 0.194551 16.756 23.8696 
0.572217 16.7083 22.9555 0.886285 16.6527 22.0174 1.11568 16.5776 21.0565 
1.3163 16.3844 20.119 1.66443 16.1162 19.2699 2.17741 15.889 18.4853 
2.75042 15.6827 17.7095 3.28355 15.521 16.8943 3.74441 15.4088 16.0283 
4.10898 15.3468 15.1129 4.35015 15.3051 14.1564 4.43261 15.2331 13.1754 
4.34464 15.0957 12.2009 4.10485 14.8895 11.2608 3.75163 14.6251 10.3708 
3.31357 14.3095 9.53803 2.84097 13.9684 8.73551 2.37067 13.621 7.93474 
1.92833 13.2849 7.11445 1.53299 12.9739 6.26144 1.18676 12.6933 5.37575 
0.882129 12.4421 4.46354 0.603719 12.2119 3.53531 0.338358 11.9948 2.59893 
0.0763229 11.7832 1.65987 -0.185677 11.5746 0.719842 -0.446383 11.3662 -0.220538 
-0.711957 11.1461 -1.15636 -0.996209 10.9052 -2.08093 -1.30338 10.6468 -2.9936 
-1.61727 10.3874 -3.90432 -1.92319 10.138 -4.82057 -2.22225 9.89296 -5.73978 
-2.57854 9.6071 -6.7681 -2.86728 9.30034 -7.4691 -3.24945 8.96827 -8.1929 
-3.73297 8.47852 -8.86882 -4.27041 7.88886 -9.45981 -4.79581 7.21795 -9.97129 
-5.2616 6.47808 -10.4358 -5.66175 5.70139 -10.8982 -6.03816 4.92107 -11.3797 
-6.43092 4.16434 -11.8881 -6.86021 3.44936 -12.4278 -7.31212 2.77417 -12.9986 
-7.77841 2.16649 -13.6324 -8.23559 1.62651 -14.3287 -8.65661 1.16701 -15.0939 
-9.00701 0.757548 -15.9175 -9.27091 0.379399 -16.7962 -9.45806 -0.00183565 -17.6974 
-9.58379 -0.407888 -18.5996 -9.65823 -0.842796 -19.4948 -9.69284 -1.29661 -20.3837 
-9.68501 -1.75028 -21.2739 -9.64154 -2.18304 -22.1737 -9.5775 -2.58123 -23.0881 
-9.53409 -2.93774 -24.0206 -9.54387 -3.24384 -24.9712 -9.61079 -3.4886 -25.9365 
-9.73493 -3.66101 -26.9109 -9.94075 -3.75802 -27.8791 -10.2822 -3.76709 -28.8067 
-10.7363 -3.67693 -29.6772 -11.2026 -3.44843 -30.5153 -11.5828 -3.04271 -31.3286 
-11.8471 -2.5432 -32.127 -12.0796 -2.23452 -32.9879 -12.2935 -2.21265 -33.9416 
-12.4697 -2.3122 -34.918 -12.6169 -2.44193 -35.8972 -12.7489 -2.59652 -36.8736 
-12.8727 -2.79482 -37.8416 -12.9837 -3.05426 -38.7965 -13.0709 -3.37521 -39.7364 
-13.1278 -3.73285 -40.6668 -13.1461 -4.09665 -41.5972 -13.1557 -4.52176 -42.6878 
-12.8969 -4.6157 -43.2434 -11.7776 -4.68873 -43.428 -25.3859 2.22891 40.4691 
-26.0917 1.90555 40.0087 -26.6685 1.76511 39.2395 -26.816 1.9118 38.2573 
-27.0323 2.0147 37.2996 -27.2539 2.12015 36.3368 -27.4737 2.24053 35.3712 
-27.7002 2.38352 34.4088 -27.9403 2.55075 33.4538 -28.2016 2.73814 32.5093 
-28.4948 2.93655 31.578 -28.8268 3.14084 30.6628 -29.1876 3.34989 29.761 
-29.5629 3.56414 28.8666 -29.9433 3.79113 27.9769 -30.3256 4.0417 27.0929 
-30.703 4.32164 26.2138 -31.063 4.62629 25.3341 -31.3966 4.94639 24.4486 
-31.7075 5.2721 23.5563 -32.0217 5.59425 22.6652 -32.3714 5.90696 21.7893 
-32.7367 6.21865 20.9219 -33.0716 6.53218 20.0424 -33.3393 6.8373 19.1354 
-33.5227 7.11542 18.1982 -33.6166 7.35363 17.236 -33.6228 7.54665 16.2558 
-33.551 7.70562 15.2715 -33.4139 7.80093 14.2939 -33.2266 7.87634 13.3161 
-33.0045 7.91762 12.3449 -32.7574 7.91692 11.3811 -32.4948 7.87258 10.4255 
-32.2227 7.79371 9.47709 -31.9446 7.70352 8.52982 -31.6633 7.62595 7.5786 
-31.3808 7.57188 6.62334 -31.1013 7.54335 5.66498 -30.8244 7.53506 4.70504 
-30.5464 7.53835 3.74524 -30.2645 7.5455 2.78669 -29.9777 7.55022 1.82979 
-29.6862 7.55082 0.874429 -29.3918 7.54824 -0.0801062 -29.0996 7.54387 -1.03528 
-28.8097 7.53302 -1.99086 -28.5243 7.50849 -2.92167 -28.2554 7.45002 -3.7883 
-27.9357 7.47837 -4.5516 -27.5962 7.4084 -5.51635 -27.2278 7.36547 -6.44251 
-26.82 7.29511 -7.34933 -26.3555 7.16867 -8.22223 -25.8561 6.9844 -9.06704 
-25.3569 6.77487 -9.90708 -24.8603 6.56876 -10.7495 -24.3361 6.36378 -11.5745 
-23.7582 6.1505 -12.3602 -23.1285 5.92168 -13.1008 -22.4693 5.67287 -13.8091 
-21.8131 5.40277 -14.5123 -21.1872 5.11588 -15.2355 -20.61 4.82503 -15.9963 
-20.0914 4.54305 -16.801 -19.6348 4.2834 -17.6496 -19.2397 4.05809 -18.538 
-18.9008 3.87314 -19.4586 -18.6131 3.73248 -20.4043 -18.375 3.6364 -21.3695 
-18.181 3.57372 -22.3475 -18.0128 3.52546 -23.3315 -17.8453 3.46296 -24.3147 
-17.6662 3.35475 -25.2915 -17.4832 3.17556 -26.2569 -17.3018 2.9165 -27.2042 
-17.1197 2.57505 -28.1248 -16.9457 2.145 -29.0087 -16.7812 1.61987 -29.8408 
-16.6065 1.00382 -30.6059 -16.4063 0.333103 -31.3182 -16.1849 -0.31746 -32.04 
-15.9561 -0.869052 -32.8342 -15.729 -1.26464 -33.7177 -15.5206 -1.5631 -34.6547 
-15.3257 -1.78211 -35.6099 -15.1505 -1.98084 -36.5738 -15.0049 -2.19123 -37.54 
-14.8942 -2.43815 -38.5017 -14.8207 -2.73453 -39.4528 -14.7888 -3.08427 -40.3891 
-14.7883 -3.45793 -41.3162 -14.7996 -3.84502 -42.2379 -14.8088 -4.22136 -43.1639 
-14.624 -4.59666 -43.7879 -14.3725 -3.79634 -44.0486 -0.24369 1.77721 36.746 
-0.203904 1.16347 35.6517 -0.0619992 1.11186 34.588 0.178154 1.38277 33.6502 
0.417102 1.52391 32.7014 0.701779 1.66857 31.7646 1.03758 1.81759 30.8444 
1.41162 1.9757 29.9397 1.80472 2.15346 29.0462 2.19531 2.36445 28.158 
2.57157 2.61724 27.2733 2.93219 2.91171 26.3932 3.27717 3.23641 25.5152 
3.6001 3.58184 24.6355 3.89021 3.94154 23.7498 4.13798 4.30484 22.8533 
4.35683 4.66261 21.9488 4.57919 5.01136 21.0447 4.80827 5.3541 20.1411 
5.01588 5.68772 19.2276 5.17368 5.99851 18.2948 5.26657 6.273 17.3413 
5.28746 6.52971 16.3778 5.2438 6.71437 15.3983 5.14358 6.8519 14.4144 
5.00369 6.94729 13.4299 4.84306 7.01066 12.4463 4.68135 7.04855 11.4624 
4.53698 7.06246 10.4764 4.41569 7.05508 9.48841 4.30443 7.03417 8.50034 
4.1814 7.01037 7.5138 4.03095 6.99106 6.52964 3.8488 6.97914 5.54902 
3.63784 6.97707 4.57305 3.40278 6.98702 3.60221 3.14621 7.00746 2.63695 
2.8731 7.0351 1.67655 2.58697 7.06739 0.72026 2.28848 7.10074 -0.232049 
1.97734 7.13245 -1.1802 1.65673 7.16249 -2.12506 1.32713 7.18989 -3.0665 
0.989303 7.18948 -4.0028 0.55047 7.37001 -4.82511 0.31041 7.16697 -5.63203 
-0.180591 7.16278 -6.55496 -0.687462 7.07881 -7.40691 -1.23829 6.93129 -8.22391 
-1.80176 6.73483 -9.02498 -2.34753 6.52361 -9.83533 -2.87673 6.31454 -10.6573 
-3.41596 6.10634 -11.4723 -3.99271 5.88988 -12.2582 -4.6117 5.65521 -13.0058 
-5.25364 5.39808 -13.7266 -5.89139 5.12 -14.4433 -6.50576 4.82768 -15.1743 
-7.08106 4.5322 -15.9347 -7.60014 4.24799 -16.7381 -8.05196 3.98786 -17.5884 
-8.43232 3.7612 -18.4825 -8.74812 3.56726 -19.4091 -9.00435 3.40526 -20.3601 
-9.20575 3.28064 -21.3297 -9.35743 3.19385 -22.3125 -9.47396 3.12948 -23.3022 
-9.57921 3.06005 -24.2929 -9.69164 2.95815 -25.2799 -9.80925 2.80192 -26.2589 
-9.92871 2.57778 -27.2254 -10.0328 2.2522 -28.1693 -10.1336 1.83587 -29.0697 
-10.2357 1.31949 -29.916 -10.3578 0.709877 -30.6948 -10.516 0.0398293 -31.4175 
-10.7113 -0.601719 -32.1546 -10.9425 -1.05665 -32.9924 -11.1699 -1.35595 -33.9086 
-11.3794 -1.56277 -34.8602 -11.5925 -1.70749 -35.8251 -11.8082 -1.83538 -36.7927 
-12.0079 -1.9993 -37.7575 -12.1857 -2.23529 -38.7105 -12.3391 -2.5528 -39.644 
-12.453 -2.91674 -40.5671 -12.5109 -3.28718 -41.4923 -12.728 -3.40028 -42.149 
-12.9428 -3.12389 -42.4879 -23.7607 -0.285982 41.8358 -23.9722 0.109521 41.4398 
-24.3243 0.579763 40.6602 -24.6875 0.908144 39.8103 -25.0984 1.05194 38.9184 
-25.4572 1.19989 38.0039 -25.8193 1.2432 37.0798 -26.1203 1.3907 36.1434 
-26.4076 1.50917 35.1944 -26.671 1.64637 34.2403 -26.9299 1.79733 33.2869 
-27.2041 1.96076 32.3406 -27.5118 2.13966 31.4042 -27.8608 2.32698 30.4992 
-28.2533 2.54401 29.6085 -28.6697 2.77531 28.7305 -29.0903 3.02448 27.859 
-29.5032 3.29116 26.9888 -29.8983 3.57443 26.1155 -30.2588 3.87199 25.2324 
-30.5539 4.18302 24.3307 -30.7495 4.50174 23.406 -30.8393 4.817 22.4636 
-30.8766 5.12192 21.5144 -30.9707 5.41992 20.5581 -31.2376 5.67284 19.6469 
-31.57 5.94818 18.7556 -31.8444 6.19697 17.8341 -32.0293 6.40776 16.8174 
-32.167 6.75245 15.8817 -32.0972 6.71823 14.8814 -31.969 6.82997 13.8219 
-31.7339 6.85356 12.8536 -31.4413 6.81676 11.9018 -31.1347 6.72926 10.9586 
-30.8583 6.61965 10.0092 -30.6334 6.51961 9.04437 -30.4323 6.44682 8.06976 
-30.2151 6.39921 7.09598 -29.9666 6.36601 6.12873 -29.6874 6.33768 5.16962 
-29.379 6.30539 4.21963 -29.0452 6.26236 3.27879 -28.689 6.20581 2.34701 
-28.3123 6.13566 1.42444 -27.919 6.05741 0.50959 -27.512 5.97372 -0.398373 
-27.0876 5.88507 -1.29739 -26.6391 5.79325 -2.18393 -26.151 5.69633 -3.04769 
-25.5934 5.58642 -3.8637 -24.9314 5.4509 -4.59017 -24.1684 5.28383 -5.2051 
-23.3486 5.08826 -5.73681 -22.5246 4.86491 -6.24968 -21.8267 4.6847 -6.80086 
-21.3139 4.6967 -7.31316 -21.2265 4.84264 -7.60359 -20.4534 5.5561 -8.26122 
-26.1825 -8.35063 37.755 -26.6462 -9.1118 36.5864 -27.369 -10.4726 35.1136 
-27.513 -9.97236 34.2938 -27.5013 -9.12364 33.5531 -27.7534 -8.75442 32.6885 
-28.0261 -8.4143 31.8132 -28.3032 -8.07747 30.9446 -28.5878 -7.73629 30.0778 
-28.8779 -7.38577 29.2142 -29.1747 -7.03299 28.3496 -29.4762 -6.68686 27.4803 
-29.7796 -6.34376 26.6068 -30.0827 -5.99799 25.7316 -30.3821 -5.64494 24.8565 
-30.6717 -5.28033 23.9811 -30.9364 -4.89817 23.1035 -31.1544 -4.49397 22.2215 
-31.298 -4.05974 21.3371 -31.3727 -3.59003 20.4622 -31.4397 -3.09139 19.6054 
-31.5578 -2.59313 18.7574 -31.7199 -2.12988 17.8951 -31.8653 -1.71319 17.003 
-31.909 -1.32606 16.0892 -31.8354 -0.943263 15.1724 -31.6843 -0.580083 14.3049 
-31.4789 -0.208604 13.3899 -31.2444 0.129824 12.4876 -30.978 0.434986 11.5769 
-30.6785 0.706168 10.6667 -30.3741 0.955152 9.75296 -30.1302 1.196 8.821 
-29.9853 1.40406 7.85806 -29.8522 1.558 6.88217 -29.6462 1.67405 5.91589 
-29.3425 1.75273 4.974 -28.9382 1.78836 4.07187 -28.4365 1.78933 3.21938 
-27.8457 1.7719 2.42489 -27.1921 1.74429 1.67828 -26.5049 1.69987 0.960017 
-25.8096 1.62513 0.250086 -25.1174 1.51143 -0.458083 -24.4336 1.35947 -1.16557 
-23.7607 1.17408 -1.87323 -23.0913 0.973012 -2.57881 -22.4179 0.776791 -3.28062 
-21.7461 0.602228 -3.98587 -21.1498 0.504745 -4.70018 -20.6922 0.774162 -5.35938 
-20.3194 0.883336 -6.06852 -19.8072 1.27172 -6.56652 -34.6824 47.3061 -3.43193 
-34.1155 47.1096 -3.10692 -33.5803 46.8377 -2.55561 -33.1908 46.5128 -2.03283 
-32.8167 46.2055 -1.57365 -32.46 45.7854 -1.09827 -32.0977 45.3832 -0.716132 
-31.7181 44.7974 -0.267717 -31.2859 44.171 0.11363 -30.8102 43.4505 0.434521 
-30.3073 42.6826 0.666021 -29.7985 41.8587 0.837529 -29.3436 40.8989 1.19474 
-28.9283 39.9694 1.44212 -28.6169 38.997 1.82654 -28.3616 38.0752 2.07406 
-28.2169 37.1596 2.48847 -28.1347 36.2805 2.9905 -28.0867 35.4633 3.48784 
-28.0479 34.6669 4.02824 -28.0071 33.8729 4.58729 -27.9602 33.0675 5.14146 
-27.9071 32.2354 5.66169 -27.8481 31.366 6.12556 -27.7857 30.4587 6.51739 
-27.7154 29.5167 6.8136 -27.6327 28.5517 7.00539 -27.5351 27.5771 7.08901 
-27.418 26.6061 7.0815 -27.2756 25.6471 6.99951 -27.1016 24.7046 6.85513 
-26.8951 23.7843 6.64772 -26.6526 22.7936 6.36591 -26.3392 21.8393 5.99578 
-26.0242 20.9664 5.61925 -25.6655 20.1379 5.21782 -25.2767 19.3266 4.80271 
-24.8706 18.5251 4.38398 -24.4569 17.7213 3.98083 -24.0276 16.9051 3.63247 
-23.5835 16.071 3.41152 -23.199 15.217 3.44858 -22.9421 14.3601 3.70124 
-22.7438 13.4989 4.03079 -22.5094 12.6229 4.33095 -22.2183 11.7251 4.5607 
-21.9019 10.8088 4.70599 -21.5832 9.8787 4.76129 -21.2801 8.94508 4.77117 
-21.033 8.01714 4.79523 -20.8571 7.09519 4.83422 -20.7347 6.1776 4.82073 
-20.6314 5.2748 4.70987 -20.5194 4.40241 4.48415 -20.3823 3.56342 4.17563 
-20.2809 2.73192 3.84259 -20.188 1.86376 3.37427 -19.9506 1.08706 2.81268 
-19.7098 0.24929 2.1588 -19.342 -0.322123 1.43267 -19.025 -0.827371 0.674202 
-18.7353 -1.1527 -0.161565 -18.4668 -1.33573 -0.954983 -18.2773 -1.51561 -1.45899 
-18.0061 -1.47504 -1.80906 -17.7933 -1.3754 -2.05111 -27.9672 14.7836 19.7433 
-28.6316 14.8348 20.0401 -29.0644 16.3487 19.306 -29.4329 17.0153 18.503 
-29.9769 17.0994 17.7068 -30.4305 17.3636 16.8088 -30.4456 19.1669 15.228 
-30.5054 19.9799 13.9906 -30.7579 19.8732 13.0951 -30.9445 19.5084 12.2495 
-30.9695 19.0016 11.4317 -30.8053 18.4974 10.6528 -30.4833 17.9078 9.95962 
-30.0529 17.3033 9.31766 -29.5656 16.7138 8.69021 -29.0591 16.1423 8.05655 
-28.5605 15.5862 7.40178 -28.0854 15.0492 6.71464 -27.648 14.5387 5.98631 
-27.2615 14.0671 5.20782 -26.9208 13.6412 4.38288 -26.6131 13.2422 3.49102 
-26.2343 12.9313 2.51719 -25.9538 12.5565 1.50711 -25.6757 12.1745 0.629918 
-25.3761 11.8495 -0.263456 -25.0473 11.5035 -1.13782 -24.6899 11.133 -1.9901 
-24.3177 10.7429 -2.82582 -23.9375 10.3347 -3.64589 -23.5297 9.90144 -4.43368 
-23.0325 9.4427 -5.14455 -22.3913 9.00641 -5.74483 -21.6747 8.63764 -6.29026 
-20.9501 8.31924 -6.8395 -20.216 8.11525 -7.41442 -19.4802 8.11051 -7.99281 
-18.785 8.20389 -8.65355 -18.0088 8.036 -9.22434 -17.3437 7.71952 -9.71465 
-16.712 7.27369 -10.0443 -16.0589 6.67455 -10.3886 -4.09711 0.616386 41.6137 
-3.6982 1.01107 40.8936 -3.3157 1.34027 40.0172 -2.86304 1.49897 39.136 
-2.45713 1.6744 38.24 -2.1085 1.84965 37.3204 -1.81359 2.01983 36.3814 
-1.55866 2.19268 35.4308 -1.32853 2.38027 34.4765 -1.10104 2.5822 33.5244 
-0.852016 2.78629 32.5787 -0.563936 2.98968 31.6442 -0.229891 3.19212 30.725 
0.144227 3.39601 29.8218 0.541206 3.60509 28.9293 0.946091 3.8226 28.042 
1.34612 4.04983 27.1547 1.73335 4.29132 26.2653 2.09692 4.54547 25.3695 
2.41224 4.80518 24.4576 2.64292 5.0579 23.5197 2.76478 5.28016 22.555 
2.78699 5.44732 21.5721 2.75656 5.55205 20.5805 2.75971 5.61736 19.5869 
2.90555 5.67759 18.606 3.1287 5.74684 17.6587 3.3173 5.79066 16.7111 
3.42756 5.8854 15.7887 3.45571 5.93732 14.74 3.37775 5.99838 13.7474 
3.20509 6.04391 12.7659 2.96712 6.05655 11.797 2.70802 6.03405 10.8335 
2.47779 5.99028 9.86388 2.3147 5.95511 8.88053 2.18925 5.94017 7.88991 
2.03909 5.93287 6.90246 1.83296 5.92362 5.91997 1.56637 5.90764 4.95254 
1.24274 5.88158 4.00912 0.86354 5.84362 3.08865 0.430673 5.78766 2.19593 
-0.052168 5.706 1.33393 -0.575776 5.60105 0.499302 -1.1311 5.47994 -0.313406 
-1.70509 5.35366 -1.11395 -2.29311 5.22646 -1.90624 -2.90216 5.09649 -2.68399 
-3.55351 4.94459 -3.42328 -4.18375 4.79884 -4.13348 -4.71364 4.68357 -4.84128 
-5.34602 4.49429 -5.45607 -5.72719 4.50704 -6.13554 -6.16356 4.3576 -6.76784 
-6.3145 4.43822 -7.60019 -8.19234 -3.2327 -8.6392 -8.13059 -2.95699 -8.43035 
-7.52094 -2.22234 -7.96548 -7.09718 -1.8069 -7.58056 -6.30449 -1.18891 -7.1317 
-5.95037 -0.96074 -6.45441 -5.10468 -0.694503 -5.92098 -5.17187 -0.609316 -5.11589 
-4.03308 -0.427268 -4.6753 -3.19562 -0.232604 -4.18145 -2.36058 -0.00147406 -3.69196 
-1.53536 0.243264 -3.18873 -0.723805 0.4749 -2.65674 0.0624443 0.663928 -2.07502 
0.800657 0.785838 -1.42694 1.42349 0.802743 -0.688083 1.97915 0.746548 0.0881023 
2.41225 0.620806 0.931606 2.72579 0.449945 1.82646 2.92942 0.244617 2.75604 
3.05077 0.0129227 3.69589 3.12612 -0.250224 4.64007 3.16939 -0.546947 5.57551 
3.24398 -0.912529 6.48456 3.43712 -1.36737 7.34252 3.71511 -1.84998 8.16814 
4.00409 -2.329 8.99392 4.26652 -2.79598 9.83599 4.49494 -3.24935 10.6958 
4.6753 -3.69787 11.5662 4.80181 -4.1555 12.4489 4.73596 -4.48281 13.2507 
4.59384 -4.94033 14.1746 4.29948 -5.33115 15.0337 3.90468 -5.70709 15.8526 
3.47081 -6.0232 16.6804 3.11279 -6.43456 17.4655 2.85103 -6.88241 18.2753 
2.70438 -7.40725 19.1074 2.56933 -7.9968 19.8982 2.42328 -8.59965 20.6767 
2.27518 -9.19799 21.4583 2.12733 -9.78891 22.2467 1.97514 -10.3747 23.0392 
1.81287 -10.957 23.8333 1.64045 -11.5381 24.627 1.45963 -12.1194 25.4186 
1.27414 -12.7004 26.2089 1.08815 -13.2823 26.9984 0.902303 -13.8652 27.7876 
0.709878 -14.4458 28.5773 0.502323 -15.0196 29.3681 0.274939 -15.5797 30.1629 
0.0310475 -16.194 30.9173 -0.228031 -16.7101 31.7249 -0.590778 -18.1584 31.7644 
-1.0052 -19.8197 32.0487 -1.36217 -20.3855 32.7672 -1.39919 -21.8587 32.8758 
-1.24535 -23.3942 32.9928 -1.24835 -23.7905 33.2924 4.37096 49.6698 -4.94217 
6.08598 47.6731 -3.93415 5.53529 47.4592 -3.58369 5.37409 46.9974 -3.10148 
4.94769 46.7196 -2.76486 4.49092 46.5118 -2.47656 4.16959 46.0201 -2.05536 
3.8711 45.5076 -1.647 3.53124 44.8112 -1.15175 3.19138 44.0976 -0.725378 
2.81069 43.3455 -0.372066 2.38521 42.563 -0.0986556 1.92771 41.7482 0.100687 
1.48007 40.8903 0.261229 1.07498 40.0056 0.371011 0.76917 39.1078 0.554601 
0.589266 38.2454 0.893398 0.499532 37.4391 1.37458 0.447801 36.6762 1.9435 
0.404146 35.918 2.53646 0.36167 35.1388 3.1206 0.318565 34.3277 3.67442 
0.272067 33.4776 4.17953 0.218035 32.5923 4.62731 0.150899 31.6742 4.99967 
0.0660252 30.7309 5.28002 -0.0449695 29.7691 5.44753 -0.188932 28.8032 5.5022 
-0.378041 27.8453 5.45451 -0.619397 26.9049 5.33146 -0.915024 25.9928 5.14826 
-1.28471 25.0166 4.8852 -1.68143 24.1634 4.60682 -2.10155 23.3201 4.28216 
-2.5326 22.4937 3.93398 -2.96905 21.6782 3.57029 -3.40239 20.8649 3.20043 
-3.82255 20.0451 2.83028 -4.23301 19.2132 2.47692 -4.64713 18.3615 2.18526 
-5.06272 17.4901 2.03404 -5.40787 16.6127 2.13205 -5.64495 15.7508 2.42245 
-5.86425 14.8978 2.75101 -6.1395 14.0324 3.03074 -6.46294 13.149 3.24714 
-6.79958 12.2465 3.39926 -7.13234 11.3246 3.49027 -7.45101 10.3896 3.54684 
-7.71159 9.43848 3.6183 -7.88069 8.47861 3.72209 -7.9635 7.51941 3.79895 
-8.00368 6.57665 3.79706 -8.04155 5.66326 3.69666 -8.11578 4.7789 3.5108 
-8.0739 3.88784 3.2155 -8.23517 3.02261 2.78459 -8.50871 2.21081 2.3266 
-8.8122 1.40487 1.8411 -9.1088 0.685198 1.3011 -9.30529 0.005269 0.891514 
-9.68481 -0.220886 -0.0610391 -10.0617 -0.149164 -0.972166 -10.3322 0.13028 -1.7051 
-10.4423 0.190903 -2.1807 0.994428 13.8781 18.9623 1.70881 15.2263 18.2322 
2.19832 15.3346 17.4871 2.4732 16.1657 16.318 2.49174 17.1554 15.0326 
2.79744 16.7567 14.3432 3.13528 16.263 13.6083 3.32182 15.8679 12.7576 
3.29619 15.4295 11.8937 3.05341 14.959 11.07 2.65791 14.4801 10.2997 
2.19185 14.0107 9.55814 1.70841 13.5498 8.82128 1.24278 13.1058 8.0645 
0.829016 12.6959 7.26374 0.487363 12.3376 6.40712 0.1971 12.03 5.50837 
-0.0876015 11.75 4.57239 -0.364759 11.4671 3.67361 -0.666142 11.2034 2.75788 
-0.980003 10.9335 1.8524 -1.30981 10.6699 0.947887 -1.65542 10.4127 0.0482565 
-2.0247 10.1557 -0.840464 -2.42901 9.89108 -1.71122 -2.87287 9.615 -2.55808 
-3.35567 9.32492 -3.37002 -3.91844 8.97832 -4.09913 -4.60244 8.56652 -4.67548 
-5.3443 8.14168 -5.13069 -6.12256 7.73263 -5.54931 -6.90262 7.341 -6.00323 
-7.41754 6.98941 -6.61367 -7.77355 6.95322 -7.37439 -8.3424 7.32403 -8.17153 
-19.0465 18.9452 -7.28359 -18.437 18.2614 -7.73206 -18.0239 18.0552 -7.48882 
-17.7291 17.985 -7.07983 -17.6104 18.0461 -6.60998 -17.609 18.0452 -6.24472 
-17.5346 18.1611 -5.58309 -17.3054 18.2624 -4.69731 -17.0645 18.2753 -3.74718 
-16.873 18.1902 -2.80144 -16.7279 18.0012 -1.86375 -16.6291 17.7065 -0.940492 
-16.563 17.3204 -0.0354764 -16.5113 16.871 0.848455 -16.4655 16.3796 1.71106 
-16.4305 15.8627 2.55556 -16.412 15.3279 3.38349 -16.4078 14.7678 4.18801 
-16.4192 14.1606 4.95268 -16.4535 13.4894 5.66117 -16.5187 12.7488 6.30167 
-16.6199 11.9489 6.86139 -16.7516 11.097 7.33195 -16.9033 10.2011 7.7163 
-17.078 9.27263 8.01408 -17.2822 8.32723 8.23839 -17.5168 7.37457 8.40054 
-17.776 6.41939 8.50726 -18.0616 5.4664 8.55585 -18.3837 4.52348 8.54086 
-18.7488 3.5986 8.46023 -19.1565 2.69737 8.32794 -19.6105 1.82625 8.15012 
-20.1063 0.988623 7.92817 -20.6402 0.187213 7.66426 -21.2052 -0.579639 7.36547 
-21.7961 -1.31338 7.04687 -22.3939 -2.00683 6.7334 -23.011 -2.64771 6.42236 
-23.6894 -3.29157 6.07225 -24.3955 -3.8857 5.69342 -25.1232 -4.43186 5.2826 
-25.8683 -4.93212 4.84542 -26.6231 -5.38896 4.37962 -27.3779 -5.80219 3.87569 
-28.1217 -6.16214 3.3178 -28.8419 -6.45506 2.69383 -29.5272 -6.66988 2.0022 
-30.1742 -6.8088 1.25604 -30.7855 -6.87786 0.470288 -31.3654 -6.8729 -0.341906 
-31.9187 -6.77998 -1.16734 -32.4488 -6.59693 -1.99249 -32.9588 -6.31884 -2.80363 
-33.4469 -5.95089 -3.59206 -33.9119 -5.50671 -4.35532 -34.351 -5.00057 -5.09472 
-34.7625 -4.44143 -5.81159 -35.1422 -3.83984 -6.51101 -35.4788 -3.20091 -7.19845 
-35.7628 -2.52712 -7.87401 -35.9877 -1.8171 -8.53243 -36.155 -1.07225 -9.16483 
-36.27 -0.295665 -9.76377 -36.3356 0.508507 -10.3233 -36.3549 1.33644 -10.8411 
-36.3439 2.17948 -11.3261 -36.3332 3.02914 -11.7987 -36.3344 3.87554 -12.2809 
-36.3605 4.71122 -12.7908 -36.4073 5.53126 -13.3364 -36.0962 6.2088 -13.7457 
-34.2402 7.00087 -13.7022 -33.091 7.62775 -13.6768 -32.4418 7.88301 -13.8094 
-11.173 17.1323 -7.03787 -11.0643 16.9764 -6.89645 -11.1028 17.1236 -6.37478 
-11.1419 17.4429 -5.69345 -10.9573 17.7088 -5.1467 -11.1748 17.9324 -4.26107 
-11.3857 18.0249 -3.31472 -11.5325 17.9578 -2.35406 -11.59 17.743 -1.40048 
-11.5709 17.4432 -0.458657 -11.5144 17.1062 0.473911 -11.4547 16.7541 1.40062 
-11.4106 16.3782 2.31552 -11.3851 15.9559 3.20678 -11.3668 15.4741 4.06485 
-11.3426 14.9242 4.88026 -11.3021 14.2925 5.63344 -11.2381 13.5743 6.30298 
-11.1393 12.7745 6.87118 -10.9975 11.9134 7.33847 -10.8109 11.0117 7.70877 
-10.5868 10.0868 7.99927 -10.3304 9.1517 8.22919 -10.0522 8.21281 8.41859 
-9.75364 7.27379 8.57444 -9.41753 6.34087 8.68348 -9.02186 5.42783 8.7317 
-8.56811 4.5413 8.719 -8.07102 3.68125 8.64318 -7.53939 2.84804 8.51323 
-6.96723 2.04987 8.33893 -6.35761 1.28848 8.1306 -5.71639 0.560035 7.90266 
-5.04991 -0.142608 7.67065 -4.34381 -0.83996 7.42154 -3.62674 -1.52487 7.14552 
-2.9105 -2.15576 6.84446 -2.20343 -2.75507 6.51183 -1.47958 -3.32533 6.13229 
-0.746639 -3.84245 5.70127 -0.0121983 -4.29871 5.21055 0.710025 -4.69166 4.65262 
1.4067 -5.02477 4.02589 2.06749 -5.28984 3.33075 2.69496 -5.48988 2.58314 
3.28973 -5.6309 1.79489 3.85795 -5.72024 0.979547 4.40276 -5.74477 0.144633 
4.9234 -5.68809 -0.703409 5.41565 -5.54321 -1.55743 5.88206 -5.30969 -2.40648 
6.3222 -4.98846 -3.24001 6.73887 -4.5901 -4.05222 7.13481 -4.12234 -4.83732 
7.50456 -3.59614 -5.59746 7.83533 -3.01466 -6.33409 8.11824 -2.38671 -7.05019 
8.34339 -1.71284 -7.74218 8.51369 -0.999836 -8.40669 8.63148 -0.253739 -9.03942 
8.70103 0.520494 -9.63783 8.73792 1.31951 -10.1996 8.76358 2.13323 -10.7382 
8.79441 2.95288 -11.2686 8.85109 3.77368 -11.8071 8.93615 4.58939 -12.3617 
9.04857 5.39538 -12.9341 9.17358 6.18747 -13.5248 9.45692 6.815 -14.0961 
10.5516 6.73719 -14.5617 10.9663 6.5556 -14.9911 -17.4959 -8.55632 -45.3282 
-17.3561 -9.61689 -45.0117 -17.3724 -9.8248 -44.3672 -17.3246 -9.67267 -43.4041 
-17.3194 -9.53876 -42.4152 -17.3701 -9.43641 -41.4233 -17.4726 -9.36715 -40.4328 
-17.6151 -9.32136 -39.4466 -17.7942 -9.27968 -38.4652 -18.0172 -9.25726 -37.492 
-18.2938 -9.26829 -36.5325 -18.6246 -9.31422 -35.5914 -18.9971 -9.38232 -34.6674 
-19.3821 -9.44764 -33.7489 -19.7462 -9.50201 -32.8228 -20.0841 -9.59545 -31.8903 
-20.3974 -9.77132 -30.9614 -20.6471 -10.005 -30.0271 -20.798 -10.2593 -29.0778 
-20.8891 -10.5714 -28.1391 -20.9621 -11.0425 -27.2708 -21.0398 -11.7357 -26.523 
-21.1224 -12.403 -25.9792 -21.1709 -13.1535 -25.5137 -21.2386 -14.0155 -25.0851 
-21.3213 -14.9113 -24.767 -21.4226 -15.824 -24.5836 -21.5372 -16.7438 -24.5596 
-21.658 -17.6572 -24.713 -21.7966 -18.5389 -25.0572 -21.9686 -19.3625 -25.5566 
-22.1474 -20.1564 -26.1107 -22.3076 -20.9589 -26.6545 -22.4477 -21.7828 -27.1731 
-22.5871 -22.6245 -27.6583 -22.7492 -23.4775 -28.104 -22.9437 -24.3351 -28.5184 
-23.1682 -25.1874 -28.928 -23.3754 -26.0151 -29.3202 -23.3129 -26.7952 -29.524 
-22.7387 -27.6503 -29.37 -22.1915 -28.4453 -29.3082 -21.2771 -29.3889 -29.0885 
-20.5265 -30.4091 -28.9027 -20.0108 -31.3228 -28.788 -19.5834 -32.1826 -28.5408 
-19.1472 -32.9535 -28.1028 -18.7035 -33.6218 -27.5092 -19.9338 -34.1572 -28.6432 
-10.4624 -8.54391 -45.6541 -10.4849 -9.17564 -45.3444 -10.566 -9.07452 -44.4791 
-10.6266 -8.93611 -43.4926 -10.6526 -8.8266 -42.5015 -10.6395 -8.75346 -41.5077 
-10.5672 -8.71243 -40.5137 -10.4181 -8.69165 -39.5272 -10.2077 -8.68077 -38.5514 
-9.92376 -8.69963 -37.5943 -9.54122 -8.78322 -36.6782 -9.06972 -8.90966 -35.8095 
-8.55215 -9.02994 -34.9632 -8.04204 -9.13498 -34.111 -7.5945 -9.24039 -33.2279 
-7.22675 -9.37719 -32.3128 -6.92565 -9.57149 -31.384 -6.69648 -9.80604 -30.4449 
-6.55837 -10.0517 -29.4916 -6.48884 -10.3363 -28.5411 -6.44802 -10.7474 -27.6391 
-6.41639 -11.3677 -26.8163 -6.3766 -11.9799 -26.198 -6.3675 -12.7067 -25.6656 
-6.34253 -13.5247 -25.1703 -6.29336 -14.3927 -24.7508 -6.21082 -15.2839 -24.4488 
-6.10382 -16.1922 -24.3053 -5.98543 -17.1073 -24.3588 -5.85038 -18.0027 -24.6356 
-5.68112 -18.8411 -25.1135 -5.50705 -19.6396 -25.6551 -5.35272 -20.4535 -26.1758 
-5.226 -21.2982 -26.6588 -5.11719 -22.1694 -27.096 -5.00276 -23.0589 -27.4761 
-4.86366 -23.9544 -27.8143 -4.69606 -24.8461 -28.1478 -4.5091 -25.7326 -28.4916 
-4.47436 -26.5875 -28.7325 -4.9829 -27.4311 -28.5807 -5.54904 -28.2512 -28.4258 
-6.29541 -29.1219 -28.2592 -6.85563 -30.0621 -28.2237 -7.30522 -30.9739 -28.1476 
-7.75672 -31.8042 -27.8725 -8.19354 -32.5748 -27.4458 -8.65089 -33.1762 -26.8181 
-8.60113 -33.8306 -27.0633 -7.95894 -35.4401 -27.9542 -33.6806 45.6152 -5.0203 
-34.0969 44.9997 -4.58596 -33.6547 44.8973 -4.13463 -33.1015 44.6975 -3.68945 
-32.5484 44.4344 -3.26704 -32.044 43.9618 -2.87909 -31.5502 43.4005 -2.52753 
-31.0729 42.7542 -2.22957 -30.6063 42.0139 -2.02439 -30.1434 41.2035 -1.92933 
-29.7062 40.3398 -1.93202 -29.3156 39.4457 -2.01635 -29.007 38.5174 -2.14887 
-28.79 37.5672 -2.3265 -28.6776 36.6068 -2.55286 -28.6507 35.6487 -2.81566 
-28.691 34.6967 -3.10044 -28.7611 33.7548 -3.40592 -28.8451 32.8261 -3.74014 
-28.9535 31.9222 -4.12283 -29.1235 31.0492 -4.55192 -29.3645 30.1986 -4.99544 
-29.6758 29.364 -5.4265 -30.0436 28.5433 -5.83457 -30.4605 27.738 -6.2233 
-30.9071 26.9463 -6.59514 -31.3632 26.1594 -6.94348 -31.8103 25.3657 -7.25897 
-32.2371 24.5595 -7.53372 -32.6402 23.7336 -7.78123 -33.004 22.8727 -8.00833 
-33.3171 21.9733 -8.22399 -33.5816 21.0491 -8.44263 -33.8226 20.1187 -8.68966 
-34.0512 19.1973 -8.98326 -34.2731 18.2869 -9.32464 -34.4934 17.3929 -9.70643 
-34.7304 16.5129 -10.1054 -35.0151 15.6414 -10.4864 -35.3627 14.7732 -10.7969 
-35.7743 13.9086 -10.9877 -36.2197 13.0499 -11.0633 -36.6762 12.1984 -11.0415 
-37.1324 11.3526 -10.9617 -37.5812 10.5082 -10.8482 -38.0079 9.65152 -10.7143 
-38.3961 8.77079 -10.5624 -38.742 7.86973 -10.3966 -39.0429 6.92891 -10.2072 
-39.3113 5.92653 -9.97302 -39.5215 4.96684 -9.71432 -39.7188 4.04337 -9.42885 
-39.9166 3.12807 -9.10792 -40.1185 2.22729 -8.76187 -40.3172 1.33463 -8.40521 
-40.4994 0.438267 -8.05544 -40.6507 -0.470268 -7.72338 -40.7548 -1.39624 -7.41291 
-40.7994 -2.33738 -7.12304 -40.7819 -3.28669 -6.84978 -40.7171 -4.23698 -6.58209 
-40.6264 -5.18521 -6.30882 -40.528 -6.13075 -6.02303 -40.4356 -7.07316 -5.72114 
-40.3578 -8.01192 -5.40238 -40.3003 -8.94529 -5.06428 -40.2625 -9.87175 -4.70629 
-40.2377 -10.791 -4.33336 -40.2097 -11.7048 -3.95308 -40.1511 -12.6127 -3.55332 
-40.0529 -13.5256 -3.18674 -39.8902 -14.4357 -2.83455 -39.661 -15.3408 -2.50732 
-39.3681 -16.2366 -2.20546 -39.0218 -17.1209 -1.92623 -38.6333 -17.9935 -1.66605 
-38.2172 -18.8588 -1.42284 -37.7848 -19.7201 -1.19603 -37.3459 -20.5863 -1.00044 
-36.9099 -21.4611 -0.843563 -36.4816 -22.3475 -0.735042 -36.0581 -23.2432 -0.684613 
-35.6328 -24.1411 -0.684665 -35.2049 -25.0351 -0.724656 -34.7796 -25.9288 -0.82255 
-34.3676 -26.8217 -0.95989 -33.9793 -27.7176 -1.12381 -33.6194 -28.6179 -1.31 
-33.2894 -29.5141 -1.53346 -32.9967 -30.3754 -1.82538 -32.7469 -31.1914 -2.17986 
-32.5563 -31.9586 -2.57838 -32.3759 -32.7032 -3.1459 -32.1898 -33.4405 -3.91187 
-32.085 -34.1003 -4.37405 -31.372 -34.7782 -4.59464 -30.6535 -35.5374 -4.88509 
-30.0184 -36.3883 -5.28546 -29.6064 -37.2324 -5.75447 -28.4281 -38.5119 -6.3349 
-27.4221 -39.8268 -6.9628 -26.9309 -40.5956 -7.38437 -26.307 -41.2066 -7.61928 
-25.8289 -41.6012 -7.23807 -26.1476 -42.4095 -7.24542 10.3293 44.483 -5.97457 
10.7194 43.6188 -5.67486 9.91996 43.5401 -5.31371 9.20163 43.3382 -4.89026 
8.39949 43.2107 -4.43921 7.55595 43.1068 -3.96975 6.73367 42.9609 -3.50505 
5.93851 42.7456 -3.06845 5.17862 42.4121 -2.69515 4.46899 41.9208 -2.42125 
3.86454 41.2575 -2.2817 3.30463 40.4764 -2.29397 2.82388 39.6223 -2.425 
2.44121 38.7249 -2.63698 2.17165 37.8021 -2.89368 2.00556 36.8621 -3.17653 
1.92389 35.9129 -3.46624 1.89418 34.9586 -3.75785 1.8897 34.0073 -4.05687 
1.92116 33.0671 -4.38971 2.04237 32.1431 -4.73866 2.2798 31.2351 -5.05886 
2.63285 30.3537 -5.35134 3.0726 29.5138 -5.64818 3.57209 28.7119 -5.96365 
4.0817 27.9276 -6.30254 4.56842 27.1368 -6.64896 5.01681 26.3269 -6.99653 
5.41917 25.4958 -7.34337 5.77102 24.6346 -7.67281 6.03981 23.7306 -7.97242 
6.2289 22.7926 -8.24543 6.40464 21.849 -8.51128 6.57944 20.9166 -8.81701 
6.76529 20.0071 -9.18117 6.96604 19.1232 -9.59727 7.18053 18.26 -10.0493 
7.4095 17.4098 -10.5182 7.66362 16.562 -10.9768 7.96415 15.7013 -11.3693 
8.32098 14.8202 -11.6262 8.71759 13.9331 -11.729 9.1301 13.0484 -11.7139 
9.5361 12.1617 -11.625 9.91526 11.2627 -11.4847 10.258 10.3497 -11.313 
10.5885 9.33704 -11.1083 10.8437 8.44879 -10.9113 11.0808 7.49161 -10.6799 
11.288 6.56389 -10.4332 11.4805 5.62526 -10.16 11.6599 4.69325 -9.85952 
11.8348 3.77262 -9.53016 12.0163 2.86469 -9.18108 12.2047 1.96181 -8.83405 
12.3897 1.05219 -8.50974 12.558 0.125547 -8.22521 12.6979 -0.822683 -7.99084 
12.8086 -1.78784 -7.80449 12.8946 -2.76386 -7.65089 12.9611 -3.7448 -7.50801 
13.0058 -4.72667 -7.35837 13.022 -5.70722 -7.1967 13.0026 -6.6829 -7.01758 
12.9486 -7.65325 -6.82509 12.8625 -8.61652 -6.61486 12.7509 -9.57122 -6.38169 
12.6168 -10.515 -6.12065 12.4596 -11.4477 -5.8363 12.2712 -12.3702 -5.53696 
12.0422 -13.2824 -5.23248 11.7645 -14.1834 -4.93252 11.4368 -15.0714 -4.6418 
11.0676 -15.9479 -4.36354 10.6727 -16.8184 -4.09848 10.2627 -17.6875 -3.85092 
9.84914 -18.5596 -3.6242 9.44209 -19.4433 -3.43079 9.04015 -20.3401 -3.27966 
8.63031 -21.2423 -3.17994 8.19965 -22.1405 -3.12594 7.74263 -23.0273 -3.09696 
7.26777 -23.9056 -3.09096 6.79119 -24.7818 -3.09649 6.32401 -25.6629 -3.11732 
5.87955 -26.5542 -3.14322 5.45992 -27.4565 -3.18087 5.06352 -28.3669 -3.23776 
4.68009 -29.2799 -3.3132 4.29983 -30.1933 -3.40327 3.90924 -31.1016 -3.5051 
3.48874 -32.0387 -3.64039 3.18804 -33.0474 -3.79294 3.47871 -33.9468 -3.78917 
3.82307 -34.9683 -3.29405 4.08469 -35.1318 -2.92694 -41.3276 21.9055 -23.4979 
-41.4972 21.0643 -22.7578 -41.5821 20.1841 -22.376 -41.5744 19.1081 -22.3691 
-41.5097 17.9939 -22.3705 -41.5387 16.9871 -22.1484 -41.6633 16.1093 -21.7066 
-41.8536 15.311 -21.1889 -42.0183 14.4378 -20.7625 -42.1721 13.6135 -20.2661 
-42.3313 12.7779 -19.7561 -42.4996 11.9539 -19.2311 -42.6813 11.1202 -18.7154 
-42.8669 10.2808 -18.2142 -43.0591 9.42773 -17.7336 -43.2477 8.56464 -17.2689 
-43.418 7.70488 -16.8043 -43.5694 6.81643 -16.3717 -43.6898 5.8988 -15.9722 
-43.7566 4.98692 -15.5638 -43.776 4.08417 -15.1373 -43.7575 3.20606 -14.6768 
-43.7256 2.32463 -14.2221 -43.6833 1.43762 -13.7806 -43.6287 0.544255 -13.3549 
-43.5579 -0.352976 -12.9415 -43.4677 -1.25094 -12.5369 -43.3593 -2.14763 -12.1375 
-43.226 -3.03997 -11.7388 -43.0651 -3.92607 -11.3377 -42.878 -4.80405 -10.9293 
-42.6697 -5.67355 -10.5114 -42.4453 -6.53564 -10.0837 -42.2125 -7.39347 -9.6476 
-41.982 -8.25385 -9.20978 -41.7696 -9.12159 -8.77419 -41.5609 -10.0728 -8.30763 
-41.436 -10.9043 -7.89084 -41.2736 -11.7504 -7.47684 -41.1136 -12.6181 -7.05033 
-40.9243 -13.4931 -6.62224 -40.6902 -14.3616 -6.20524 -40.4022 -15.2241 -5.80993 
-40.0559 -16.0808 -5.44599 -39.6598 -16.9312 -5.11748 -39.2217 -17.7745 -4.8223 
-38.7545 -18.6144 -4.56037 -38.2707 -19.4557 -4.33181 -37.7835 -20.3062 -4.14518 
-37.3021 -21.1698 -4.00847 -36.8314 -22.0458 -3.92235 -36.3711 -22.9311 -3.87907 
-35.9165 -23.821 -3.87137 -35.4628 -24.7111 -3.89476 -35.01 -25.6 -3.94643 
-34.5619 -26.4896 -4.02007 -34.1262 -27.3833 -4.11012 -33.7102 -28.285 -4.20556 
-33.315 -29.1942 -4.30083 -32.9428 -30.1089 -4.40083 -32.5961 -31.0227 -4.50996 
-32.2993 -31.9346 -4.66851 -32.0807 -32.8402 -4.9125 -31.8399 -33.6615 -5.1679 
-31.4697 -34.4872 -5.45458 -30.5278 -35.4713 -5.7383 -29.5764 -36.2904 -5.95927 
-28.9713 -37.0921 -6.28149 -28.5626 -37.9117 -6.65911 -27.9878 -38.6556 -7.04522 
-27.4234 -39.4148 -7.46983 -27.2044 -40.2514 -7.87479 -26.8598 -40.9192 -8.14328 
-26.0642 -41.1375 -8.2319 12.9307 23.1222 -24.7973 13.1165 22.7035 -23.9844 
13.4791 21.8442 -22.9884 13.4631 20.8976 -22.87 13.4271 19.975 -22.7992 
13.3805 19.0734 -22.3205 13.3415 18.0052 -22.2784 13.4222 16.9618 -22.0558 
13.6871 15.9362 -21.788 13.9392 15.0207 -21.3768 14.0746 14.1412 -20.9487 
14.1435 13.2759 -20.5256 14.2761 12.4861 -19.921 14.395 11.6865 -19.3649 
14.5393 10.8873 -18.8102 14.7091 10.0635 -18.329 14.9093 9.25185 -17.7805 
15.1217 8.40556 -17.3164 15.3504 7.53072 -16.8941 15.5101 6.68788 -16.4149 
15.6545 5.83482 -15.9516 15.7676 4.97753 -15.4966 15.8433 4.11351 -15.0463 
15.8712 3.24481 -14.5973 15.8639 2.36823 -14.1622 15.8242 1.48384 -13.7329 
15.7705 0.592605 -13.3223 15.7097 -0.307146 -12.9258 15.6527 -1.21469 -12.5431 
15.6057 -2.12891 -12.1736 15.5664 -3.05091 -11.8196 15.5044 -3.95942 -11.4512 
15.4087 -4.8588 -11.0716 15.2769 -5.74985 -10.6789 15.1113 -6.63322 -10.2739 
14.9239 -7.50112 -9.8645 14.6456 -8.37745 -9.45987 14.4964 -9.17573 -9.01631 
14.1732 -10.1003 -8.60667 13.8852 -10.9616 -8.1981 13.5863 -11.821 -7.79245 
13.2736 -12.6798 -7.39705 12.9407 -13.5363 -7.01155 12.5824 -14.3894 -6.64198 
12.1922 -15.2377 -6.29529 11.7727 -16.0827 -5.97758 11.3352 -16.9283 -5.69037 
10.8859 -17.7764 -5.42945 10.4281 -18.6287 -5.19564 9.9683 -19.4883 -4.98694 
9.52392 -20.3653 -4.81547 9.09734 -21.2558 -4.673 8.67099 -22.1521 -4.56191 
8.24084 -23.0496 -4.47573 7.79603 -23.9408 -4.41308 7.3459 -24.8311 -4.36458 
6.8979 -25.721 -4.33037 6.49992 -26.6292 -4.29822 6.08938 -27.5379 -4.29329 
5.72425 -28.4641 -4.30609 5.37736 -29.3926 -4.34063 5.06309 -30.3315 -4.40406 
4.84057 -31.2933 -4.49288 4.65772 -32.2574 -4.60375 4.39484 -33.1589 -4.71152 
4.13094 -33.8668 -4.652 4.28205 -34.4899 -4.32225 4.43602 -35.0098 -4.19617 
-23.7334 -34.5607 -31.3916 -23.4169 -34.909 -31.2521 -24.2182 -34.7056 -31.652 
-24.9717 -34.4184 -32.0948 -25.625 -33.8851 -32.4865 -26.2978 -33.3938 -32.8851 
-27.1651 -32.6531 -33.4151 -27.8741 -32.0632 -33.7659 -28.1373 -31.1443 -33.8298 
-28.5258 -30.2426 -33.9367 -28.6399 -29.3082 -33.8074 -28.8345 -28.4326 -33.6801 
-29.1053 -27.6092 -33.5437 -29.4638 -26.7985 -33.3953 -29.9051 -25.9732 -33.2803 
-30.2961 -25.1125 -33.2022 -30.5035 -24.18 -33.0861 -30.4656 -23.2377 -32.9236 
-30.2437 -22.3146 -32.7007 -29.9327 -21.4117 -32.4268 -29.596 -20.5314 -32.104 
-29.259 -19.6668 -31.7406 -28.9154 -18.8142 -31.3533 -28.5429 -17.9752 -30.963 
-28.1205 -17.1504 -30.597 -27.6446 -16.34 -30.2667 -27.1262 -15.5396 -29.9778 
-26.5777 -14.743 -29.7374 -26.0138 -13.9433 -29.5489 -25.4513 -13.1324 -29.4118 
-24.9093 -12.301 -29.3294 -24.4039 -11.4441 -29.3017 -23.9555 -10.5569 -29.3332 
-23.5717 -9.64155 -29.4066 -23.2505 -8.70356 -29.5021 -22.9652 -7.75367 -29.6058 
-22.6661 -6.80703 -29.6987 -22.3112 -5.87875 -29.7551 -21.8677 -4.98874 -29.7701 
-21.3346 -4.14903 -29.7545 -20.7179 -3.36803 -29.7193 -20.0357 -2.64428 -29.6663 
-19.2695 -2.05279 -29.555 -18.3892 -1.65723 -29.3564 -17.4622 -1.34403 -29.154 
-16.5171 -1.05688 -29.0313 -15.5505 -0.818239 -29.0047 -14.5655 -0.654079 -29.0398 
-13.5505 -0.61965 -29.0858 -12.4286 -0.618585 -29.0981 -11.3084 -0.966239 -29.1248 
-10.3534 -1.25685 -29.2008 -9.43353 -1.57228 -29.3869 -8.53363 -1.88214 -29.6548 
-7.6811 -2.31537 -29.8568 -6.93255 -2.96059 -29.9334 -6.25032 -3.69598 -29.9663 
-5.64379 -4.48694 -29.9843 -5.1549 -5.35165 -29.9602 -4.78871 -6.27077 -29.8844 
-4.52095 -7.21996 -29.7644 -4.29013 -8.17233 -29.5984 -4.03491 -9.11223 -29.4054 
-3.71318 -10.0345 -29.2276 -3.31154 -10.9345 -29.106 -2.84702 -11.8039 -29.0596 
-2.3344 -12.6525 -29.1036 -1.7942 -13.476 -29.2383 -1.24377 -14.2766 -29.4572 
-0.700691 -15.0623 -29.7438 -0.185826 -15.8487 -30.0803 0.288353 -16.6445 -30.4528 
0.714837 -17.4557 -30.8475 1.09973 -18.2827 -31.248 1.45809 -19.123 -31.6415 
1.80543 -19.9796 -32.0054 2.14938 -20.8554 -32.3246 2.47937 -21.7531 -32.5974 
2.74416 -22.6811 -32.8305 2.81767 -23.6391 -33.0162 2.59281 -24.5674 -33.134 
2.14405 -25.4297 -33.2012 1.66755 -26.2406 -33.2975 1.30997 -27.0523 -33.4537 
1.11585 -27.8974 -33.6652 1.06205 -28.7796 -33.9188 1.12473 -29.6913 -34.1998 
1.08628 -30.5554 -34.3542 -0.140273 -31.8264 -33.768 -0.52391 -32.7918 -33.5983 
-0.933643 -33.6646 -33.3717 -1.43736 -34.4492 -33.081 -2.03965 -35.1502 -32.7433 
-2.53684 -35.6872 -32.4412 -2.52702 -35.8788 -32.5147 -2.92891 -36.192 -32.4097 
-3.72756 -36.6175 -32.0422 -4.62964 -37.1171 -31.559 -5.3623 -38.0864 -30.239 
-40.659 -17.6428 -32.8222 -40.0497 -17.0497 -32.7071 -39.2568 -17.0992 -32.8895 
-38.4178 -17.136 -33.1573 -37.5625 -17.254 -33.4401 -36.6207 -17.4 -33.7046 
-35.7639 -17.2933 -33.8124 -35.0759 -16.9178 -33.8435 -34.4034 -16.4086 -33.7275 
-33.6187 -15.8993 -33.4877 -32.8804 -15.3127 -33.2215 -32.2005 -14.6554 -32.9425 
-31.5746 -13.9412 -32.6673 -30.9923 -13.1841 -32.4062 -30.4403 -12.3965 -32.1605 
-29.9126 -11.587 -31.9218 -29.4073 -10.7617 -31.6801 -28.9227 -9.92696 -31.4263 
-28.4577 -9.08668 -31.1559 -28.0085 -8.24622 -30.8621 -27.5725 -7.40635 -30.5481 
-27.1402 -6.57188 -30.2154 -26.7017 -5.74586 -29.8704 -26.2486 -4.93047 -29.5197 
-25.7727 -4.12704 -29.1715 -25.2715 -3.33363 -28.8351 -24.7491 -2.54639 -28.5151 
-24.2271 -1.75237 -28.2103 -23.7278 -0.944987 -27.9091 -23.2632 -0.126184 -27.5906 
-22.8418 0.709154 -27.258 -22.4619 1.56665 -26.9297 -22.1018 2.44175 -26.617 
-21.7202 3.31617 -26.3226 -21.2817 4.1687 -26.0462 -20.7647 4.97515 -25.7728 
-20.1591 5.70506 -25.4727 -19.4698 6.33793 -25.137 -18.6906 6.8248 -24.7647 
-17.8215 7.07965 -24.3733 -16.898 7.07639 -24.0354 -15.956 6.89634 -23.7876 
-14.9976 6.66772 -23.6392 -14.0093 6.53413 -23.585 -13.0059 6.57015 -23.634 
-12.0168 6.7369 -23.7843 -11.069 6.89082 -24.0439 -10.1431 6.88177 -24.4028 
-9.27234 6.62398 -24.8058 -8.48592 6.15772 -25.1988 -7.7819 5.55156 -25.5643 
-7.15866 4.84924 -25.9041 -6.60876 4.08138 -26.2188 -6.10928 3.27778 -26.5101 
-5.63403 2.44314 -26.7795 -5.16589 1.59613 -27.0278 -4.68232 0.755428 -27.2786 
-4.19796 -0.0892585 -27.4757 -3.68648 -0.91678 -27.682 -3.13808 -1.714 -27.9268 
-2.57619 -2.49155 -28.2051 -2.0247 -3.26204 -28.5214 -1.50417 -4.04203 -28.8649 
-1.01923 -4.83809 -29.224 -0.564482 -5.65051 -29.5863 -0.13155 -6.47952 -29.9378 
0.289654 -7.32167 -30.2718 0.706645 -8.17529 -30.5808 1.12735 -9.03619 -30.8636 
1.55859 -9.90085 -31.1182 2.00458 -10.7642 -31.351 2.46447 -11.6247 -31.5655 
2.93385 -12.4813 -31.7689 3.41186 -13.33 -31.9739 3.90331 -14.1648 -32.1912 
4.42135 -14.9769 -32.4223 4.98611 -15.7542 -32.6583 5.61576 -16.4804 -32.882 
6.33136 -17.1235 -33.0751 7.13921 -17.6275 -33.1994 8.05924 -17.9252 -33.2487 
9.00869 -18.0345 -33.171 9.92842 -18.0585 -33.0109 10.7844 -17.9995 -32.74 
11.5364 -17.8182 -32.31 12.2744 -17.6969 -31.8414 12.5706 -17.7561 -31.0772 
12.7324 -17.859 -30.592 12.7214 -17.8976 -30.321 12.4577 -16.6298 -30.6083 
12.7853 -16.0909 -30.6391 12.5029 -15.7597 -30.7596 13.0814 -15.3041 -30.6748 
-19.8205 -25.4155 -18.7609 -19.6884 -24.1002 -18.2359 -19.7564 -23.2722 -18.43 
-19.9015 -22.6304 -18.8605 -20.1921 -22.2155 -19.6119 -20.5435 -21.7979 -20.3627 
-20.928 -21.335 -21.0369 -21.3193 -20.821 -21.605 -21.6831 -20.2665 -22.0611 
-22.003 -19.6851 -22.4318 -22.2921 -19.0664 -22.7494 -22.578 -18.3824 -23.0291 
-22.8635 -17.6193 -23.2845 -23.1266 -16.8028 -23.5457 -23.3475 -15.9611 -23.8434 
-23.5076 -15.1116 -24.1947 -23.5906 -14.2679 -24.6071 -23.5918 -13.4395 -25.0755 
-23.5117 -12.6377 -25.5764 -23.3744 -11.8423 -26.1072 -23.1865 -11.0468 -26.6319 
-22.9659 -10.233 -27.1202 -22.7438 -9.36639 -27.5359 -22.5429 -8.45096 -27.8215 
-22.3889 -7.49339 -27.904 -22.2773 -6.506 -27.7694 -22.144 -5.55013 -27.5417 
-21.9132 -4.62229 -27.271 -21.532 -3.765 -26.9808 -20.9726 -3.02277 -26.6321 
-20.2676 -2.4422 -26.2092 -19.4777 -2.01121 -25.7843 -18.6332 -1.63441 -25.4172 
-17.7546 -1.26872 -25.1309 -16.8427 -0.931726 -24.9199 -15.8919 -0.662766 -24.7842 
-14.9137 -0.485802 -24.6956 -13.9194 -0.410398 -24.6469 -13.0152 -0.419394 -24.64 
-12.1197 -0.539205 -24.6787 -11.1528 -0.766577 -24.7653 -10.2292 -1.09944 -24.9264 
-9.35521 -1.49032 -25.1786 -8.51195 -1.88415 -25.5172 -7.69354 -2.25377 -25.9436 
-6.91205 -2.64797 -26.4188 -6.20559 -3.19779 -26.8411 -5.63937 -3.94033 -27.181 
-5.25789 -4.81378 -27.4752 -5.05158 -5.74575 -27.7483 -4.95387 -6.70134 -27.9894 
-4.86756 -7.67774 -28.1088 -4.72149 -8.63655 -27.9977 -4.5149 -9.54155 -27.6695 
-4.26805 -10.3724 -27.218 -4.02753 -11.1604 -26.7007 -3.83512 -11.9325 -26.1502 
-3.69966 -12.7033 -25.611 -3.64344 -13.4992 -25.0846 -3.66188 -14.3166 -24.6052 
-3.75654 -15.1559 -24.1895 -3.92198 -16.0063 -23.8492 -4.14704 -16.8463 -23.5756 
-4.41572 -17.6551 -23.3359 -4.71646 -18.4022 -23.0827 -5.04479 -19.0643 -22.7803 
-5.39864 -19.6481 -22.4119 -5.78266 -20.1971 -21.9729 -6.17759 -20.7331 -21.4555 
-6.53306 -21.291 -20.9089 -6.82127 -21.9052 -20.4076 -7.11827 -22.4705 -19.8002 
-7.37712 -23.0598 -19.2177 -7.55533 -23.778 -18.8067 -7.41854 -25.1705 -19.3873 
-7.30582 -26.5956 -19.9752 -7.39303 -27.6681 -20.0361 -7.20515 -29.3626 -20.9647 
-7.61385 -29.9858 -20.3875 -8.04643 -30.6359 -19.8496 -8.0506 -31.1854 -20.1227 
-7.84354 -31.0159 -20.5369 -48.1219 24.9963 -14.5956 -48.6776 24.1916 -13.9069 
-49.366 23.3744 -13.0402 -49.9101 22.6151 -12.3399 -50.2469 21.8392 -11.8884 
-50.3009 21.0011 -11.7182 -50.1655 20.1801 -11.6588 -49.9902 19.3675 -11.5833 
-49.9461 18.572 -11.3466 -49.8732 17.7838 -11.1141 -49.6975 16.975 -10.9577 
-49.5074 16.153 -10.7939 -49.3274 15.3155 -10.5975 -49.1664 14.4551 -10.3716 
-48.9399 13.6033 -10.1628 -48.5443 12.7649 -10.0724 -48.1006 11.9281 -9.98709 
-47.7008 11.0802 -9.83253 -47.5961 10.1469 -9.42754 -47.2817 9.28459 -9.16118 
-46.8769 8.46517 -8.92984 -46.4333 7.67134 -8.69837 -45.9736 6.89583 -8.45092 
-45.5276 6.12176 -8.17495 -45.0963 5.34997 -7.88023 -44.6756 4.58426 -7.5659 
-44.2701 3.82288 -7.2222 -43.8776 3.06743 -6.84261 -43.5039 2.31797 -6.42313 
-43.1567 1.57297 -5.96238 -42.8312 0.831628 -5.46794 -42.5164 0.0944078 -4.94388 
-42.1964 -0.63854 -4.40053 -41.8618 -1.36671 -3.84676 -41.511 -2.092 -3.29052 
-41.1494 -2.81529 -2.73411 -40.7896 -3.5346 -2.17181 -40.4414 -4.25207 -1.5958 
-40.1278 -4.95667 -1.02453 -39.8346 -5.67077 -0.450335 -39.5808 -6.40792 0.132999 
-39.3698 -7.15835 0.721819 -39.1997 -7.91729 1.31884 -39.0618 -8.67768 1.92909 
-38.9403 -9.43551 2.55123 -38.8135 -10.1914 3.17685 -38.669 -10.9485 3.79617 
-38.5098 -11.7086 4.40399 -38.3448 -12.4722 4.99928 -38.1796 -13.242 5.57842 
-38.0119 -14.0211 6.13679 -37.8331 -14.8133 6.66957 -37.6365 -15.6235 7.1741 
-37.4173 -16.4522 7.65172 -37.1746 -17.4352 7.94504 -36.8536 -18.3043 8.32488 
-36.4926 -19.1618 8.67366 -36.13 -20.0325 8.97477 -35.7919 -20.9222 9.22643 
-35.5347 -22.0904 9.01031 -35.5497 -23.918 7.8465 -35.3717 -24.9197 7.57061 
-35.2368 -25.8335 7.23485 -35.1186 -26.7003 6.78036 -35.0549 -27.3832 6.40433 
-35.0422 -27.9227 6.13711 -35.0823 -28.2552 6.26302 -35.0592 -28.7818 5.78952 
-35.0676 -29.248 5.29124 -35.152 -29.5094 4.79051 -35.0833 -29.5948 2.90466 
-35.1859 -29.7017 1.9817 -35.5174 -29.6722 1.56158 -36.2802 -30.4057 1.10956 
-37.6278 -32.5689 0.711296 -38.8529 -35.0424 0.412697 -39.2368 -35.6531 0.319856 
-39.4782 -36.2827 2.21674 17.9597 27.4014 -18.6856 18.0914 27.0041 -18.4694 
18.7114 26.3619 -17.6268 18.988 25.6062 -17.0885 19.1599 24.8882 -16.6178 
19.313 24.126 -16.1997 19.3708 23.3153 -15.8781 19.6362 22.5509 -15.3783 
19.7595 21.789 -15.0251 19.6117 20.9971 -14.9019 19.5644 20.1974 -14.7006 
19.849 19.4159 -14.1745 20.1438 18.62 -13.5821 20.3539 17.8285 -13.0601 
20.1754 16.9969 -12.8266 20.1909 16.1865 -12.3832 20.2918 15.381 -11.8135 
20.1128 14.5488 -11.4916 19.9398 13.7353 -11.102 19.9332 12.92 -10.5582 
19.8423 12.116 -10.0782 19.4159 11.3185 -9.83824 18.9965 10.5226 -9.57091 
18.5702 9.72942 -9.30331 18.1527 8.94134 -9.01855 17.7238 8.15899 -8.73074 
17.3022 7.38339 -8.42133 16.8835 6.60977 -8.09842 16.4679 5.84578 -7.76172 
16.0597 5.09165 -7.40955 15.6693 4.34306 -7.03772 15.3035 3.59614 -6.64284 
14.9628 2.85085 -6.2197 14.6423 2.10827 -5.77034 14.34 1.37014 -5.29922 
14.0589 0.633554 -4.81398 13.7913 -0.0931529 -4.31111 13.5275 -0.821143 -3.80101 
13.2725 -1.53818 -3.26749 13.0286 -2.25649 -2.72415 12.7864 -2.96342 -2.15933 
12.5357 -3.6834 -1.58451 12.173 -4.57729 -0.720351 11.8004 -5.59331 0.0345369 
11.5532 -6.30226 0.645753 11.3411 -7.02381 1.22873 11.1571 -7.76321 1.80717 
10.9944 -8.51742 2.3777 10.8465 -9.28227 2.93689 10.708 -10.0557 3.47983 
10.5714 -10.8377 4.00515 10.4324 -11.6301 4.51312 10.2908 -12.4369 4.9988 
10.139 -13.2485 5.47747 9.97135 -14.076 5.93355 9.77234 -14.9149 6.37043 
9.52823 -15.7647 6.77907 9.23237 -16.6153 7.15899 8.89528 -17.4655 7.50532 
8.5328 -18.3175 7.81398 8.1632 -19.173 8.08122 7.73838 -20.1881 7.93579 
7.27037 -21.4127 7.29875 6.92769 -22.4714 6.95394 6.69705 -24.1318 5.60585 
6.56388 -25.5959 4.5742 6.29331 -26.503 4.3331 6.05511 -27.3029 4.18379 
5.81324 -28.0905 4.03858 5.42224 -28.9496 3.79762 4.96979 -29.8978 3.5769 
4.58625 -30.7739 3.59212 4.40705 -31.5667 3.62074 4.24523 -32.3498 3.65256 
4.0834 -33.1347 3.69342 3.92811 -33.9256 3.74494 3.77764 -34.7395 3.80873 
3.65001 -35.5384 3.8496 3.56585 -36.2964 3.95341 3.64564 -36.8276 4.51165 
3.82579 -37.3244 5.22724 3.99053 -37.8615 5.8583 3.40193 -38.6201 5.74507 
2.8355 -39.0782 6.18177 2.50043 -39.5405 6.55314 1.74693 -39.854 7.09295 
0.50601 -39.4416 9.24636 -24.7371 -34.3318 22.8634 -25.2472 -34.2254 21.5178 
-25.8399 -33.6621 20.6204 -26.4355 -33.424 19.2656 -26.8389 -32.7854 18.5707 
-27.2764 -32.2272 17.7312 -27.7582 -31.687 16.91 -28.1678 -31.0892 16.1641 
-28.5671 -30.3605 15.6513 -29.0588 -29.6959 14.9732 -30.2392 -29.4663 13.277 
-30.8145 -29.0035 12.5317 -31.1505 -28.4355 12.0753 -31.5033 -27.795 11.7412 
-31.7485 -27.0255 11.6133 -31.9739 -26.256 11.502 -32.1883 -25.4896 11.3914 
-32.3916 -24.7144 11.2627 -32.5694 -23.8968 11.0944 -32.7307 -23.0498 10.8583 
-32.9159 -22.1896 10.5699 -33.1816 -21.3399 10.2705 -33.5515 -20.5269 9.96639 
-33.9792 -19.753 9.61479 -34.4139 -19.0167 9.17138 -34.8152 -18.3042 8.64074 
-35.1571 -17.5941 8.05012 -35.444 -16.8804 7.42916 -35.681 -16.1412 6.81483 
-35.8897 -15.3832 6.21312 -36.0757 -14.6049 5.63579 -36.2356 -13.8082 5.08048 
-36.3566 -12.9935 4.54292 -36.4409 -12.0675 3.94553 -36.4601 -11.2164 3.41493 
-36.4351 -10.3711 2.88982 -36.367 -9.51429 2.38736 -36.2518 -8.63973 1.92242 
-36.0881 -7.75073 1.50533 -35.8607 -6.85401 1.14242 -35.5723 -5.96143 0.817656 
-35.2241 -5.08622 0.508145 -34.8231 -4.23996 0.189932 -34.3604 -3.44459 -0.162186 
-33.8446 -2.71518 -0.568544 -33.3173 -2.06893 -1.07922 -32.8479 -1.49829 -1.7201 
-32.4065 -1.00362 -2.4509 -31.9458 -0.587148 -3.22146 -31.3824 -0.298551 -3.96184 
-30.6638 -0.210862 -4.56461 -29.8294 -0.334361 -5.01971 -28.969 -0.565669 -5.43117 
-28.1103 -0.851522 -5.82769 -27.2466 -1.18172 -6.14952 -26.3742 -1.55525 -6.30218 
-25.4794 -1.92093 -6.34438 -24.5572 -2.2326 -6.34605 -23.6133 -2.48438 -6.34126 
-22.7244 -2.7075 -6.30266 -22.0682 -2.95206 -6.16315 -21.3876 -3.14692 -6.09799 
-21.3113 -3.16829 -6.87873 -20.7464 -3.4691 -7.36014 -20.0709 -3.84917 -8.30487 
-19.6642 -4.22288 -8.99486 -3.33785 1.18224 -8.85184 -2.5624 1.42377 -8.69629 
-3.30696 1.39001 -8.37025 -3.60519 1.1061 -7.90797 -3.2258 1.05392 -7.45321 
-2.38367 1.31094 -6.99077 -1.59381 1.52702 -6.49556 -0.828777 1.74231 -5.98871 
-0.0453314 1.94559 -5.45704 0.730298 2.12227 -4.88101 1.48918 2.21943 -4.22603 
2.19222 2.22359 -3.4956 2.69794 2.20496 -2.74013 3.16678 2.05034 -1.91758 
3.57268 1.79525 -1.05532 3.8848 1.4562 -0.188072 4.13375 1.05405 0.677487 
4.32953 0.600901 1.531 4.48217 0.10817 2.36932 4.60139 -0.41408 3.19445 
4.70355 -0.965109 4.00917 4.79167 -1.5218 4.81976 4.87805 -2.06709 5.63203 
5.03454 -2.66917 6.43816 5.20606 -3.25029 7.23271 5.34391 -3.73436 8.07127 
5.49773 -4.22476 8.92278 5.64192 -4.70025 9.78589 5.75528 -5.16265 10.6584 
5.81453 -5.62879 11.5318 5.79746 -6.10916 12.3976 5.68619 -6.60786 13.2456 
5.49173 -7.16379 14.0167 4.98994 -7.68372 15.0209 4.33413 -8.14199 15.9735 
3.78516 -8.53993 16.694 3.30122 -8.89808 17.4661 3.01524 -9.52356 18.19 
2.83494 -10.1898 18.9277 2.69058 -10.8296 19.6783 2.55498 -11.4721 20.4334 
2.41052 -12.0869 21.2095 2.24957 -12.6742 22.0003 2.07203 -13.2432 22.8033 
1.88062 -13.7968 23.6134 1.67793 -14.3364 24.4284 1.46776 -14.8741 25.2448 
1.25189 -15.4137 26.0574 1.03067 -15.9608 26.8637 0.80352 -16.5218 27.6586 
0.570676 -17.1057 28.4351 0.335486 -17.7191 29.1874 0.10177 -18.3608 29.9156 
-0.129328 -19.0298 30.619 -0.367016 -19.7302 31.2778 -0.613968 -20.4491 31.9152 
-0.877013 -21.1696 32.5588 -1.15138 -21.8617 33.2206 -1.41362 -22.5264 33.8961 
-1.67931 -23.1952 34.5711 -1.97125 -23.9043 35.2076 -2.2573 -24.6853 35.7956 
-2.56884 -25.6198 36.2837 -2.88703 -27.1017 36.3713 -18.1562 17.9779 -17.259 
-18.4841 17.4673 -16.9712 -18.9189 16.9534 -16.2663 -19.4687 16.498 -15.5671 
-20.1317 16.084 -14.9498 -20.8863 15.678 -14.4422 -21.6971 15.2551 -14.0462 
-22.5317 14.792 -13.7579 -23.3699 14.2881 -13.559 -24.1902 13.7366 -13.4171 
-24.9729 13.13 -13.2883 -25.7129 12.4763 -13.1379 -26.4178 11.7938 -12.9485 
-27.095 11.0958 -12.7175 -27.7458 10.3852 -12.4517 -28.3536 9.6532 -12.1462 
-28.9027 8.88719 -11.8145 -29.3917 8.08107 -11.4832 -29.8387 7.2427 -11.1724 
-30.2826 6.37109 -10.8723 -30.6029 5.78679 -10.6481 -30.909 5.13214 -10.4686 
-31.3396 4.3097 -10.2388 -31.7773 3.42881 -10.0705 -32.166 2.51079 -9.99776 
-32.4458 1.55497 -9.96957 -32.5963 0.575192 -9.89261 -32.6117 -0.397293 -9.69624 
-32.5011 -1.3305 -9.37741 -32.2816 -2.20835 -8.96501 -31.9831 -3.02956 -8.48955 
-31.6151 -3.79342 -7.96828 -31.1943 -4.50519 -7.41459 -30.7203 -5.16334 -6.83884 
-30.1887 -5.76638 -6.25516 -29.5883 -6.31062 -5.68226 -28.912 -6.78923 -5.13694 
-28.1604 -7.18975 -4.62836 -27.5056 -7.53062 -4.13649 -27.3283 -7.94975 -3.58522 
-26.8873 -8.17713 -2.99523 -25.9668 -8.26193 -2.56691 -25.1751 -8.3501 -2.23543 
-24.4321 -8.3906 -1.79437 -23.3947 -8.33944 -1.49656 -22.5341 -8.19338 -1.21158 
-21.8462 -8.07936 -0.968919 -20.9341 -7.73592 -0.75663 -20.0606 -7.28899 -0.577702 
-19.5508 -7.17692 -0.511846 -4.75511 -7.23826 -1.32963 -4.69495 -7.28703 -1.45365 
-3.82121 -7.38803 -1.70855 -4.61058 -5.83349 -2.95643 -5.04085 -5.19552 -3.70692 
-4.60027 -5.03203 -4.00627 -3.40584 -5.22052 -4.1484 -2.44274 -5.13412 -4.43376 
-1.5399 -4.91069 -4.77677 -0.666483 -4.62013 -5.14979 0.15819 -4.25564 -5.55908 
0.92782 -3.82554 -6.00144 1.65204 -3.33999 -6.44663 2.34691 -2.81951 -6.85346 
2.99847 -2.27469 -7.20586 3.59836 -1.67332 -7.50837 4.11182 -0.973687 -7.81059 
4.46388 -0.142885 -8.13452 4.62854 0.756518 -8.4621 4.59654 1.69599 -8.74418 
4.40179 2.61862 -9.01121 4.08971 3.51851 -9.27773 3.7105 4.38672 -9.57621 
3.31253 5.23992 -9.90632 2.82039 6.31828 -10.3437 2.58497 6.85354 -10.5432 
2.28468 7.54532 -10.8149 1.92345 8.35916 -11.1349 1.49603 9.19589 -11.4742 
1.0063 9.99354 -11.8221 0.445698 10.7456 -12.1652 -0.171886 11.4678 -12.4736 
-0.82888 12.1777 -12.7238 -1.51787 12.875 -12.9148 -2.24391 13.5445 -13.0572 
-3.01449 14.1669 -13.1702 -3.83319 14.7219 -13.2911 -4.69828 15.192 -13.4471 
-5.58515 15.5846 -13.6447 -6.5057 15.9174 -13.8881 -7.39684 16.2131 -14.1981 
-8.24603 16.5038 -14.6152 -9.01136 16.8239 -15.153 -9.67766 17.1921 -15.788 
-10.2529 17.6662 -16.5941 -10.6703 18.1722 -16.9863 -11.2036 18.7488 -16.8637 
-11.5204 19.0977 -17.0615 -27.7614 -17.6323 32.8262 -27.757 -15.4431 33.0452 
-27.8843 -14.9557 32.3134 -28.059 -14.5308 31.5465 -28.2594 -14.1184 30.7954 
-28.4545 -13.7081 29.9859 -28.6841 -13.3817 29.0946 -28.9367 -13.183 28.0687 
-29.3747 -13.6992 26.2499 -29.5966 -13.2827 25.5654 -29.8297 -12.8563 24.8982 
-30.0728 -12.424 24.2372 -30.3251 -11.9868 23.5763 -30.5867 -11.5436 22.914 
-30.8556 -11.0893 22.249 -31.1389 -10.6762 21.5345 -31.4762 -10.5379 20.6049 
-31.8222 -10.4256 19.6659 -32.1382 -9.94949 18.9613 -32.4734 -9.37005 18.3167 
-32.8342 -8.77619 17.6831 -33.2136 -8.17528 17.0555 -33.6027 -7.57564 16.4264 
-33.9747 -6.979 15.785 -34.271 -6.38334 15.1152 -34.4502 -5.77259 14.4128 
-34.5244 -5.18675 13.666 -34.5158 -4.62188 12.9094 -34.4578 -4.08962 12.1327 
-34.3693 -3.57993 11.3413 -34.2705 -3.13076 10.5178 -34.1525 -2.65868 9.71053 
-34.0343 -2.2366 8.8804 -33.9035 -1.78352 8.07636 -33.781 -1.3594 7.26581 
-33.6636 -0.923365 6.47375 -33.5488 -0.479065 5.69435 -33.4239 -0.0255753 4.92549 
-33.2786 0.433466 4.16356 -33.1081 0.892663 3.40335 -32.9107 1.34773 2.63968 
-32.6827 1.7946 1.86879 -32.4206 2.22764 1.08837 -32.1213 2.63901 0.296989 
-31.7861 3.02083 -0.507388 -31.42 3.36593 -1.32748 -31.0304 3.66972 -2.16289 
-30.6139 3.93761 -3.00516 -30.1667 4.16985 -3.84598 -29.6705 4.36631 -4.66643 
-29.1013 4.50482 -5.44538 -28.4572 4.54991 -6.16968 -27.7892 4.50294 -6.83874 
-26.9585 4.30984 -7.63067 -26.1577 4.10846 -8.39407 -25.4466 3.89711 -9.05583 
-24.7474 3.65249 -9.69492 -24.0601 3.3523 -10.3244 -23.4069 2.99742 -10.9618 
-22.7922 2.61789 -11.6253 -22.2083 2.25092 -12.3274 -21.6557 1.92977 -13.0816 
-21.1439 1.6676 -13.8873 -20.6843 1.45845 -14.7366 -20.2917 1.28998 -15.6249 
-19.9722 1.14672 -16.5449 -19.7283 1.02573 -17.493 -19.5531 0.905426 -18.4537 
-19.4418 0.77017 -19.4217 -19.4021 0.599055 -20.3882 -19.4564 0.3743 -21.3388 
-19.6152 0.0787807 -22.239 -19.8772 -0.275229 -23.0819 -20.2312 -0.698164 -23.8648 
-20.6474 -1.2223 -24.5576 -21.0949 -1.83537 -25.1626 -21.5632 -2.52437 -25.6817 
-22.037 -3.2539 -26.1341 -22.5187 -4.01924 -26.531 -22.9944 -4.80639 -26.8882 
-23.4557 -5.61482 -27.1991 -23.8863 -6.45705 -27.4424 -24.2952 -7.29141 -27.6099 
-24.6771 -8.14109 -27.7042 -25.0195 -8.9946 -27.7414 -25.3156 -9.84103 -27.7334 
-25.5923 -10.7029 -27.6954 -25.8355 -11.5679 -27.6354 -26.0505 -12.4364 -27.5646 
-26.2312 -13.3006 -27.4909 -26.3903 -14.1697 -27.4224 -26.516 -15.021 -27.3617 
-26.6295 -15.8474 -27.328 -26.7002 -16.6389 -27.2793 -26.7852 -17.4039 -27.271 
-26.8787 -18.0852 -27.259 -27.072 -18.6714 -27.3359 -27.3263 -19.1293 -27.3884 
-27.7973 -19.6801 -27.6443 -28.2515 -20.2268 -27.7538 -28.7608 -20.7492 -27.856 
-29.4796 -21.2968 -28.1442 -30.2426 -21.8892 -28.4884 -30.7645 -22.4932 -28.7343 
-31.4113 -23.0397 -29.0794 -31.835 -23.7439 -29.6127 -31.733 -24.4402 -29.7734 
-31.4614 -25.1461 -30.0218 -30.6025 -26.1593 -30.2495 -30.3634 -27.0532 -30.9827 
-30.8582 -27.8743 -32.2231 -31.8316 -28.4287 -33.6308 -33.0839 -28.7756 -35.1688 
-32.9033 -29.4611 -34.795 -32.3708 -30.4841 -34.5027 -31.5355 -31.3257 -34.2936 
-30.1901 -32.0941 -33.8164 -29.2362 -32.9578 -33.7043 -28.1918 -34.1982 -32.9632 
-26.5997 -35.7116 -31.9863 -25.9871 -36.2358 -31.6304 -25.1372 -36.6385 -31.2952 
-24.3256 -37.0247 -30.9851 -23.5446 -37.361 -30.6855 -22.7295 -37.686 -30.3624 
-21.9071 -38.1154 -29.9948 -0.382533 -20.1289 32.5864 -0.457105 -17.9201 32.5646 
-0.367964 -15.5076 32.7468 -0.12897 -13.6094 32.7193 0.089482 -13.3681 31.8039 
0.321072 -12.9479 30.9835 0.55341 -12.5112 30.1635 0.787809 -12.1023 29.3264 
1.02043 -11.6891 28.4907 1.26646 -11.3132 27.6138 1.62897 -11.256 26.4267 
1.93646 -11.0209 25.4485 2.18922 -10.5719 24.7009 2.4526 -10.1188 23.9656 
2.71809 -9.65551 23.2373 2.97828 -9.17464 22.5144 3.23657 -8.6913 21.7867 
3.54147 -8.3529 20.9543 3.85681 -8.0187 20.1259 4.15129 -7.4824 19.428 
4.47295 -6.90884 18.7536 4.82042 -6.33505 18.0814 5.17819 -5.76886 17.4032 
5.53354 -5.21575 16.7127 5.86303 -4.65766 16.0123 6.1227 -4.08875 15.2927 
6.28269 -3.51037 14.5446 6.34881 -2.95318 13.776 6.34438 -2.4301 12.9833 
6.29294 -1.94916 12.1689 6.20989 -1.50962 11.3368 6.10387 -1.10294 10.4919 
5.98323 -0.717163 9.63945 5.85866 -0.341612 8.78422 5.74058 0.0321257 7.93124 
5.63696 0.410068 7.0857 5.54579 0.79763 6.25111 5.45536 1.19563 5.42683 
5.35176 1.60111 4.61004 5.22463 2.00905 3.79722 5.06767 2.41432 2.98457 
4.87649 2.81176 2.16822 4.64715 3.19641 1.34568 4.37716 3.56318 0.516045 
4.06801 3.9066 -0.321251 3.72372 4.22118 -1.16627 3.34998 4.50309 -2.01903 
2.95052 4.75345 -2.87617 2.52213 4.97547 -3.72971 2.05061 5.16714 -4.56718 
1.5111 5.31312 -5.37176 0.893301 5.37253 -6.12657 0.212685 5.31346 -6.8364 
-0.516415 5.0707 -7.57028 -1.29959 4.90506 -8.30923 -2.0095 4.67744 -8.95397 
-2.6817 4.42678 -9.63222 -3.33006 4.14351 -10.3184 -3.94853 3.82588 -11.0177 
-4.54756 3.48425 -11.7233 -5.13607 3.14481 -12.4425 -5.71236 2.8299 -13.1857 
-6.26989 2.55243 -13.9594 -6.79543 2.31326 -14.7677 -7.26901 2.09986 -15.6134 
-7.66971 1.90647 -16.4986 -7.98948 1.72593 -17.4177 -8.23005 1.54654 -18.3603 
-8.39567 1.35657 -19.316 -8.48645 1.14777 -20.2758 -8.48581 0.900982 -21.2248 
-8.37212 0.613749 -22.1421 -8.12367 0.278717 -23.0075 -7.75278 -0.102499 -23.8025 
-7.28523 -0.570804 -24.5006 -6.76898 -1.11039 -25.1066 -6.23733 -1.7374 -25.6249 
-5.71396 -2.43953 -26.0701 -5.20916 -3.18405 -26.4714 -4.72538 -3.97191 -26.8484 
-4.26578 -4.76818 -27.2088 -3.83496 -5.59198 -27.5319 -3.43229 -6.43713 -27.7955 
-3.04938 -7.29179 -27.9937 -2.69567 -8.15647 -28.1269 -2.3722 -9.02625 -28.2048 
-2.07094 -9.89915 -28.2422 -1.78551 -10.7699 -28.2594 -1.52453 -11.6521 -28.2491 
-1.27649 -12.5339 -28.2431 -1.04856 -13.4167 -28.247 -0.844521 -14.2974 -28.268 
-0.669668 -15.1704 -28.307 -0.528452 -16.0278 -28.3615 -0.420944 -16.8631 -28.4309 
-0.335013 -17.673 -28.5127 -0.247211 -18.4579 -28.6005 -0.13397 -19.2154 -28.6811 
0.0213567 -19.9441 -28.741 0.26098 -20.6874 -28.8333 0.568164 -21.4547 -28.9403 
0.967526 -22.0129 -29.0104 1.24185 -22.4491 -28.8025 1.84294 -23.0397 -28.9698 
2.49341 -23.6621 -29.2027 3.18653 -24.2885 -29.5624 3.96229 -24.8356 -29.9951 
4.86898 -25.303 -30.4614 5.94953 -25.5835 -30.9846 6.31681 -26.0105 -31.6337 
5.665 -26.8144 -33.7255 6.13686 -27.1444 -35.3264 7.16255 -26.7325 -37.0506 
7.46448 -26.5779 -37.0453 8.49375 -25.6968 -36.7175 8.49944 -26.9791 -34.7989 
-50.2644 18.0199 6.88844 -50.1805 17.9296 7.56362 -49.9113 17.7056 8.29305 
-49.2838 17.2816 8.86179 -48.5716 16.7774 9.32482 -47.8755 16.2742 9.82607 
-47.1836 15.7768 10.3433 -46.4793 15.2937 10.86 -45.7579 14.8291 11.3714 
-45.0208 14.3856 11.8796 -44.2689 13.9667 12.3861 -43.4992 13.5764 12.8861 
-42.7058 13.2228 13.3718 -41.8849 12.9153 13.8348 -41.0349 12.6523 14.2634 
-40.1847 12.3672 14.664 -39.4401 11.9165 15.085 -38.9027 11.2492 15.5401 
-38.5404 10.4426 15.9898 -38.2552 9.57584 16.3914 -38.0011 8.67004 16.7232 
-37.7731 7.73646 16.9919 -37.5837 6.78424 17.2234 -37.4473 5.82019 17.4427 
-37.3615 4.84967 17.6593 -37.2999 3.87702 17.8734 -37.2367 2.90419 18.0811 
-37.1406 1.93158 18.2668 -36.9229 0.822419 18.4092 -36.783 0.12873 18.4934 
-36.5083 -0.63309 18.5212 -36.1787 -1.52288 18.6098 -35.8071 -2.41395 18.7911 
-35.4031 -3.269 19.0596 -34.9666 -4.07918 19.4144 -34.4794 -4.85422 19.791 
-33.9498 -5.60944 20.1648 -33.4666 -6.39742 20.4572 -33.0389 -7.21383 20.7465 
-32.6538 -7.93456 21.2409 -32.3334 -8.48483 21.9965 -32.1069 -9.00927 22.8021 
-31.9529 -9.5495 23.613 -31.8541 -10.1077 24.4335 -31.7828 -10.6844 25.2435 
-31.7154 -11.2762 26.0429 -31.6561 -11.8692 26.8429 -31.6254 -12.4415 27.6601 
-31.6416 -12.9681 28.5079 -31.7096 -13.4405 29.399 -31.8161 -13.8763 30.291 
-31.9639 -14.3014 31.1817 -32.1667 -14.7215 32.0477 -32.4451 -15.1181 32.9162 
-32.8181 -15.4807 33.7518 -33.2766 -15.8508 34.4853 -34.0219 -16.1526 35.2186 
-35.0166 -16.5877 35.748 -35.0001 -17.087 35.7012 -35.8046 -17.2229 36.0654 
20.7963 16.4354 18.7512 19.8446 15.7002 19.8133 19.0441 15.1559 20.0129 
18.2538 14.7131 19.9464 17.4281 14.2967 19.8463 16.5842 13.8968 19.7411 
15.7413 13.499 19.6538 14.904 13.0943 19.5889 14.0775 12.6624 19.5586 
13.277 12.1699 19.5706 12.5422 11.566 19.621 11.9221 10.8314 19.6764 
11.4444 9.98556 19.7096 11.0943 9.07649 19.7296 10.8562 8.13084 19.7683 
10.7012 7.16916 19.844 10.6034 6.20068 19.9612 10.532 5.23355 20.1078 
10.4659 4.27261 20.2659 10.3809 3.31267 20.4104 10.2529 2.34517 20.5064 
10.0832 1.36844 20.5162 9.9149 0.394012 20.4097 9.78614 -0.565056 20.1875 
9.69699 -1.58285 19.8169 9.64885 -2.4305 19.5008 9.6466 -3.27301 19.0835 
9.6954 -4.13957 18.6679 9.8062 -5.03086 18.2573 9.97768 -5.93144 17.885 
10.2021 -6.84388 17.5685 10.4487 -7.76128 17.2994 10.6999 -8.67584 17.0643 
10.9518 -9.59156 16.8511 11.187 -10.5099 16.6444 11.3952 -11.4379 16.4419 
11.5737 -12.3821 16.2502 11.7345 -13.3453 16.0997 11.9604 -14.2784 16.0966 
12.3885 -15.0392 16.3788 12.9537 -15.6374 16.8649 13.5555 -16.1751 17.4376 
14.1467 -16.7277 18.015 14.7274 -17.3024 18.5762 15.3054 -17.8762 19.135 
15.8787 -18.4277 19.7166 16.4361 -18.9491 20.3397 17.0239 -19.4415 21.0161 
17.2866 -19.9763 21.6685 16.8031 -20.75 22.5895 16.8933 -21.3719 23.535 
16.8561 -21.9558 24.2132 16.7101 -22.685 24.5139 16.9354 -23.1115 24.8663 
-29.3785 12.3977 -21.1734 -30.1029 12.1601 -20.7477 -30.008 11.6632 -19.7118 
-29.9544 11.3761 -18.7595 -29.9238 11.171 -17.7906 -29.9041 10.9627 -16.8224 
-29.8452 10.6636 -15.8783 -29.7482 10.2594 -14.9737 -29.6704 9.75003 -14.1223 
-29.7048 9.08883 -13.365 -29.947 8.27118 -12.8034 -30.3693 7.43812 -12.409 
-30.8571 6.63629 -12.0771 -31.3543 5.81816 -11.7981 -31.8458 4.98253 -11.5665 
-32.3268 4.12751 -11.3811 -32.7926 3.2549 -11.2453 -33.2358 2.3667 -11.133 
-33.6326 1.46343 -10.9822 -33.9579 0.551879 -10.7439 -34.1761 -0.356984 -10.4 
-34.2862 -1.24579 -9.96237 -34.2944 -2.09997 -9.44711 -34.2177 -2.9143 -8.87478 
-34.0584 -3.68068 -8.25466 -33.8311 -4.40005 -7.59821 -33.5475 -5.06711 -6.91054 
-33.217 -5.6848 -6.19797 -32.8415 -6.24806 -5.46292 -32.4194 -6.75614 -4.71328 
-31.9461 -7.19608 -3.95167 -31.4229 -7.55049 -3.17749 -30.8545 -7.79591 -2.395 
-30.2465 -7.92722 -1.61508 -29.6024 -7.94533 -0.852934 -28.9268 -7.87017 -0.121806 
-28.2171 -7.71637 0.563419 -27.4736 -7.50009 1.19355 -26.6986 -7.2314 1.76232 
-25.9005 -6.92313 2.27605 -25.0922 -6.57449 2.74592 -24.2905 -6.17821 3.18822 
-23.5093 -5.72937 3.61623 -22.7552 -5.22544 4.02986 -22.0451 -4.65354 4.43494 
-21.4018 -4.01836 4.82025 -20.8733 -3.38716 5.16629 -20.41 -2.72227 5.52646 
-19.8911 -1.94059 5.9445 -19.404 -1.16453 6.33656 -18.9282 -0.365457 6.69629 
-18.4753 0.466098 7.01114 -18.0533 1.33116 7.27679 -17.6626 2.22563 7.4874 
-17.3096 3.14697 7.63599 -17.0055 4.09262 7.71667 -16.7577 5.05692 7.72932 
-16.5559 6.03023 7.67408 -16.3771 7.00285 7.56096 -16.223 7.97048 7.39276 
-16.0952 8.92603 7.1586 -15.9815 9.85753 6.84242 -15.8725 10.7508 6.43292 
-15.7682 11.5905 5.92431 -15.6823 12.3676 5.321 -15.6281 13.0778 4.63895 
-15.6077 13.7239 3.89429 -15.6155 14.3123 3.10068 -15.648 14.8604 2.27719 
-15.7092 15.3926 1.4409 -15.8022 15.9179 0.601802 -15.9134 16.4193 -0.24821 
-16.028 16.8617 -1.12012 -16.1461 17.2092 -2.01409 -16.279 17.4465 -2.92761 
-16.4353 17.5665 -3.86265 -16.6154 17.5547 -4.8109 -16.8204 17.3951 -5.74771 
-17.0355 17.1234 -6.65799 -17.2261 16.8108 -7.55299 -17.3528 16.5277 -8.45267 
-17.395 16.3187 -9.36536 -17.3632 16.1948 -10.285 -17.2904 16.1457 -11.2034 
-17.1874 16.1707 -12.119 -17.0355 16.2833 -13.0299 -16.8706 16.4346 -13.7717 
-16.7338 16.5902 -14.2549 -16.5781 16.7676 -14.6388 -16.3276 17.0275 -15.1933 
-16.057 17.3561 -15.8373 -15.8539 17.7178 -16.3792 -15.8063 18.1116 -16.7171 
-16.2537 18.3986 -16.3279 2.83079 13.061 -23.3041 3.22037 12.6351 -22.6245 
3.70961 12.2616 -21.8443 4.20672 11.9257 -20.9803 4.17906 11.6019 -20.118 
4.12698 11.4033 -19.1773 3.93507 11.2679 -18.2616 3.67451 11.1035 -17.3408 
3.57856 10.7432 -16.4964 3.53403 10.1987 -15.6841 3.43973 9.59942 -14.9102 
3.3695 8.92174 -14.1977 3.47347 8.01657 -13.6133 3.63792 7.1735 -13.126 
3.87737 6.25796 -12.7617 4.195 5.42116 -12.373 4.69154 4.03541 -12.1329 
5.10377 2.9366 -11.9211 5.50511 2.0975 -11.5892 5.88925 1.22505 -11.2607 
6.21513 0.3623 -10.8937 6.45501 -0.501407 -10.4669 6.60843 -1.35006 -9.97622 
6.66489 -2.17279 -9.42074 6.63547 -2.96144 -8.81382 6.53155 -3.70773 -8.16123 
6.36341 -4.40609 -7.46886 6.13895 -5.05129 -6.74061 5.86152 -5.63783 -5.98162 
5.53023 -6.16337 -5.20004 5.14314 -6.61923 -4.40214 4.70267 -6.98892 -3.58908 
4.21643 -7.25846 -2.76375 3.68507 -7.42647 -1.93843 3.10509 -7.49909 -1.1327 
2.47854 -7.4813 -0.35927 1.81243 -7.38467 0.375017 1.11018 -7.2235 1.06324 
0.37134 -7.00435 1.6966 -0.400701 -6.7389 2.2692 -1.19783 -6.43782 2.7875 
-2.0071 -6.09663 3.25991 -2.81439 -5.7118 3.70092 -3.60902 -5.28033 4.12074 
-4.38313 -4.80019 4.52525 -5.12936 -4.26474 4.91245 -5.83684 -3.66845 5.28393 
-6.49344 -3.01095 5.64823 -7.09212 -2.29955 6.01074 -7.64515 -1.55104 6.3691 
-8.16991 -0.778854 6.71796 -8.73329 0.175485 7.09009 -9.14928 0.761518 7.35722 
-9.52455 1.54213 7.56543 -9.95057 2.39081 7.77034 -10.3614 3.28707 7.9237 
-10.7314 4.20912 8.00238 -11.0526 5.15166 7.99689 -11.3272 6.10561 7.91605 
-11.5675 7.06221 7.77713 -11.7878 8.01615 7.59424 -11.9902 8.96307 7.3668 
-12.1708 9.8961 7.07956 -12.3314 10.8009 6.71244 -12.464 11.6595 6.2414 
-12.5596 12.4583 5.66709 -12.6153 13.1926 5.00627 -12.6381 13.8679 4.28195 
-12.6371 14.4876 3.50848 -12.6196 15.0595 2.6976 -12.5874 15.5951 1.86055 
-12.5459 16.1001 1.00459 -12.5005 16.5668 0.130639 -12.4553 16.977 -0.759467 
-12.4022 17.3042 -1.66569 -12.326 17.526 -2.58879 -12.2081 17.616 -3.52899 
-12.0438 17.5585 -4.47037 -11.8378 17.3579 -5.38962 -11.6109 17.0571 -6.27908 
-11.3905 16.707 -7.14993 -11.2157 16.3654 -8.0209 -11.1209 16.0818 -8.90253 
-11.1074 15.8843 -9.79776 -11.1595 15.7834 -10.703 -11.2557 15.7754 -11.6103 
-11.3954 15.857 -12.5139 -11.5948 16.0403 -13.4445 -11.8441 16.2885 -14.3345 
-12.0725 16.4655 -14.9582 -12.3236 16.669 -15.5193 -12.5765 16.9066 -16.0418 
-12.8378 17.2274 -16.5988 -13.0322 17.5927 -17.0583 -13.0491 17.9371 -17.3089 
-13.0484 18.2877 -17.5316 -12.6523 18.8252 -17.3424 -41.0885 22.237 -22.0832 
-41.0269 21.9741 -21.9296 -40.8668 21.6405 -21.8774 -40.6436 21.4679 -22.0037 
-40.4461 21.3974 -22.0289 -40.2461 21.2437 -21.9952 -40.0309 20.9467 -21.9048 
-39.8311 20.5939 -21.7335 -39.6837 20.085 -21.4165 -39.5705 19.3871 -21.0004 
-39.4927 18.5673 -20.4918 -39.4234 17.7309 -19.9167 -39.3282 16.9555 -19.2969 
-39.1872 16.2494 -18.6105 -38.9394 15.6915 -17.8633 -38.5833 15.3251 -17.0823 
-38.1691 15.1069 -16.2783 -37.7151 15.051 -15.4718 -37.2308 15.1651 -14.6919 
-36.7435 15.3756 -13.907 -36.2764 15.709 -13.1374 -35.8676 16.1837 -12.3964 
-35.5372 16.8011 -11.7097 -35.2743 17.5422 -11.1077 -35.0384 18.3653 -10.5997 
-34.7927 19.2432 -10.1954 -34.5172 20.155 -9.89759 -34.2016 21.0833 -9.71007 
-33.8256 22.0037 -9.63111 -33.3456 22.8741 -9.67578 -32.7521 23.6524 -9.83928 
-32.1007 24.3517 -10.0764 -31.4878 24.9609 -10.2893 -30.9091 25.5332 -10.5086 
-30.1891 26.2313 -10.6656 -29.5188 26.9614 -10.7021 -28.9424 27.7597 -10.576 
-28.4927 28.6016 -10.2966 -28.154 29.4512 -9.90335 -27.8843 30.2935 -9.44359 
-27.65 31.1269 -8.95013 -27.4392 31.9591 -8.44562 -27.25 32.8019 -7.95123 
-27.0765 33.6612 -7.47977 -26.9305 34.5409 -7.03676 -26.834 35.4445 -6.62933 
-26.7981 36.3781 -6.2853 -26.8131 37.3391 -6.05462 -26.8669 38.3115 -5.96569 
-26.9419 39.2802 -5.98995 -27.022 40.2421 -6.09188 -27.0967 41.1983 -6.24417 
-27.2062 42.1729 -6.36476 -27.4162 43.2001 -6.35426 -27.613 44.2187 -6.36066 
-27.7806 45.217 -6.41648 -27.5845 46.1233 -6.76788 -27.8414 47.153 -6.65889 
-27.8561 48.1273 -6.84878 -27.3861 48.9689 -7.4986 -26.9388 49.7971 -8.18021 
-26.7397 50.6089 -8.72682 -26.5391 51.3936 -9.31059 -26.3643 52.1606 -9.88095 
-26.4106 52.9951 -10.1786 -26.5103 53.8185 -10.4357 -27.0935 54.6353 -10.2567 
-0.862443 55.1552 -9.93724 -1.462 54.4212 -10.2434 -1.36861 53.7587 -10.0292 
-1.13605 52.9695 -9.54181 -0.951953 52.1816 -9.1188 -0.472733 51.3534 -8.50067 
0.0828863 50.5475 -7.80344 0.36066 49.662 -7.28623 0.472783 48.7668 -6.91673 
0.190234 47.7664 -6.90202 -0.00163514 46.796 -6.86351 -0.139059 45.8055 -6.77538 
-0.26525 44.8189 -6.69407 -0.333843 43.8383 -6.5493 -0.405704 42.8595 -6.40327 
-0.483581 41.8846 -6.24698 -0.57785 40.9137 -6.10392 -0.676901 39.9435 -5.9869 
-0.763705 38.9696 -5.92209 -0.819372 37.9924 -5.95238 -0.832495 37.0228 -6.11984 
-0.795265 36.0782 -6.42198 -0.707065 35.159 -6.79806 -0.589166 34.2583 -7.20934 
-0.466614 33.3728 -7.64755 -0.337317 32.5045 -8.11501 -0.184024 31.6455 -8.59441 
0.00671293 30.7753 -9.04158 0.255033 29.8813 -9.40607 0.601717 28.9827 -9.65476 
1.07007 28.122 -9.81281 1.63328 27.3175 -9.92297 2.22879 26.5561 -10.0024 
2.82519 25.8558 -9.99341 3.45001 25.0731 -9.96363 4.02869 24.2727 -9.91761 
4.53706 23.4235 -9.89799 4.97046 22.5311 -9.94452 5.35637 21.6252 -10.0898 
5.72512 20.7338 -10.3386 6.08666 19.8753 -10.6928 6.44022 19.0616 -11.1461 
6.78425 18.3126 -11.701 7.12597 17.6526 -12.3534 7.48538 17.1163 -13.0921 
7.88403 16.7151 -13.8876 8.3333 16.4504 -14.7075 8.81572 16.3122 -15.5343 
9.28941 16.309 -16.3714 9.71051 16.4406 -17.2248 10.0404 16.7077 -18.0927 
10.2695 17.0998 -18.9555 10.4111 17.6133 -19.7793 10.4912 18.2327 -20.5383 
10.5297 18.9389 -21.2196 10.5474 19.7045 -21.8329 10.5415 20.4611 -22.4049 
10.4908 21.1515 -22.9807 10.4506 21.7215 -23.5006 10.6499 22.0702 -23.8202 
11.0923 22.3628 -23.9487 11.563 22.5456 -24.0108 11.8044 22.6721 -24.1815 
12.1256 22.4298 -24.1701 12.3221 22.1513 -24.3637 12.4401 21.9627 -24.8773 
12.5133 22.2517 -25.1907 -41.4091 38.7278 1.08623 -40.6679 38.4965 0.754439 
-39.6316 39.1802 0.248762 -38.687 39.6594 -0.450375 -37.8629 39.8111 -0.265619 
-37.014 39.9035 0.217999 -36.1766 39.9508 0.72688 -35.3586 39.936 1.25535 
-34.563 39.8346 1.80746 -33.7801 39.6137 2.3428 -32.9988 39.2225 2.76739 
-32.2561 38.5473 3.13429 -31.6445 37.776 3.21882 -31.1552 36.9501 3.02499 
-30.8567 36.0573 2.7569 -30.7443 35.1377 2.43606 -30.7652 34.2269 2.07719 
-30.8596 33.3451 1.67596 -30.9946 32.5189 1.21258 -31.1831 31.7576 0.683989 
-31.4439 31.0302 0.12105 -31.7804 30.3166 -0.446177 -32.1727 29.6184 -1.01209 
-32.5975 28.9347 -1.58424 -33.0301 28.2593 -2.16817 -33.4484 27.5828 -2.76629 
-33.835 26.8935 -3.37341 -34.2684 26.0467 -4.06583 -34.4343 25.4938 -4.58749 
-34.7691 24.7836 -5.08477 -35.0719 24.0354 -5.61451 -35.3816 23.2248 -6.10555 
-35.6571 22.3549 -6.50375 -35.8809 21.4418 -6.83111 -36.0582 20.5249 -7.17309 
-36.2085 19.6414 -7.60098 -36.3506 18.8001 -8.11324 -36.4947 17.9941 -8.68073 
-36.6516 17.2294 -9.29993 -36.8361 16.5317 -9.98044 -37.0578 15.9493 -10.7336 
-37.3357 15.493 -11.5364 -37.6964 15.1256 -12.3465 -38.1416 14.8203 -13.1368 
-38.6487 14.5865 -13.9032 -39.1884 14.4677 -14.6514 -39.7142 14.5469 -15.3943 
-40.1374 14.9069 -16.1312 -40.3975 15.5359 -16.8308 -40.576 16.3313 -17.4815 
-40.7615 17.2044 -18.0234 -40.9537 17.7398 -18.4008 -41.0652 18.0879 -18.7454 
-41.1889 18.6953 -19.0814 -41.2921 19.0515 -19.3377 -41.442 19.2948 -19.4582 
-41.6291 19.3147 -19.4292 -41.6692 19.6313 -19.6835 -41.7018 19.9793 -19.8729 
14.4973 50.5673 -12.4973 13.6849 50.9544 -10.4352 13.4866 49.8622 -10.1692 
13.0582 49.0607 -9.7692 12.6796 48.3783 -9.42006 12.2379 47.9408 -8.89713 
11.6786 47.6608 -8.29721 11.2453 47.176 -7.83203 10.6475 46.8324 -7.32582 
9.861 46.645 -6.78232 9.09414 46.3665 -6.30218 8.26534 46.1209 -5.86304 
7.42259 45.8437 -5.48552 6.59105 45.5212 -5.1571 5.81394 45.1257 -4.84967 
5.12594 44.6463 -4.56061 4.5301 44.075 -4.31502 4.00792 43.4124 -4.13947 
3.53813 42.6734 -4.04857 3.10821 41.8737 -4.04919 2.70957 41.0317 -4.14425 
2.34691 40.1564 -4.32857 2.03632 39.2597 -4.59511 1.78077 38.3589 -4.92248 
1.58609 37.4597 -5.29834 1.45644 36.5648 -5.71295 1.37738 35.6769 -6.15731 
1.32911 34.8004 -6.63051 1.30219 33.9421 -7.13788 1.30728 33.1036 -7.67781 
1.36046 32.2561 -8.19912 1.50411 31.3506 -8.57927 1.80811 30.4194 -8.73287 
2.28799 29.5497 -8.78389 2.89529 28.7611 -8.84365 3.56597 28.0252 -8.91619 
4.30029 27.2777 -8.99092 4.82809 26.6947 -8.9978 5.38444 26.106 -9.05581 
6.01497 25.3626 -9.07788 6.55067 24.5288 -9.09622 6.92584 23.6089 -9.1425 
7.21486 22.6596 -9.2501 7.47392 21.7151 -9.44367 7.72116 20.7929 -9.73499 
7.96612 19.9046 -10.1192 8.21546 19.0549 -10.5807 8.47438 18.2483 -11.1078 
8.75153 17.5005 -11.7019 9.06565 16.8363 -12.3636 9.43978 16.2679 -13.0727 
9.88812 15.7993 -13.8055 10.3993 15.4368 -14.5483 10.9483 15.2158 -15.3058 
11.4798 15.2323 -16.0953 11.8891 15.5802 -16.908 12.1469 16.1549 -17.6733 
12.3172 16.8502 -18.364 12.443 17.623 -18.9742 12.5532 18.4558 -19.4961 
12.6702 19.3344 -19.9259 12.8158 20.2431 -20.2673 13.0094 21.1658 -20.5321 
13.2633 22.09 -20.7306 13.5772 23.0098 -20.8708 13.939 23.9239 -20.9619 
14.3282 24.835 -21.0139 14.7172 25.7492 -21.0339 15.0806 26.545 -21.0264 
15.3703 27.0523 -21.027 15.6849 27.6953 -20.9703 15.8406 28.1229 -21.0711 
16.5713 28.2076 -20.3062 18.0261 27.972 -18.4732 
LINES 67 5054
OFFSETS vtkIdType
0 58 156 237 305 342 419 491 528 
618 706 772 839 931 1024 1088 1155 1227 
1307 1383 1482 1612 1692 1789 1888 1983 2082 
2175 2272 2363 2459 2548 2607 2660 2726 2768 
2824 2885 2950 2985 3060 3131 3180 3230 3335 
3431 3505 3573 3672 3765 3847 3925 4012 4078 
4142 4192 4240 4366 4482 4542 4596 4690 4787 
4854 4921 4980 5054 
CONNECTIVITY vtkIdType
0 1 2 3 4 5 6 7 8 
9 10 11 12 13 14 15 16 17 
18 19 20 21 22 23 24 25 26 
27 28 29 30 31 32 33 34 35 
36 37 38 39 40 41 42 43 44 
45 46 47 48 49 50 51 52 53 
54 55 56 57 58 59 60 61 62 
63 64 65 66 67 68 69 70 71 
72 73 74 75 76 77 78 79 80 
81 82 83 84 85 86 87 88 89 
90 91 92 93 94 95 96 97 98 
99 100 101 102 103 104 105 106 107 
108 109 110 111 112 113 114 115 116 
117 118 119 120 121 122 123 124 125 
126 127 128 129 130 131 132 133 134 
135 136 137 138 139 140 141 142 143 
144 145 146 147 148 149 150 151 152 
153 154 155 156 157 158 159 160 161 
162 163 164 165 166 167 168 169 170 
171 172 173 174 175 176 177 178 179 
180 181 182 183 184 185 186 187 188 
189 190 191 192 193 194 195 196 197 
198 199 200 201 202 203 204 205 206 
207 208 209 210 211 212 213 214 215 
216 217 218 219 220 221 222 223 224 
225 226 227 228 229 230 231 232 233 
234 235 236 237 238 239 240 241 242 
243 244 245 246 247 248 249 250 251 
252 253 254 255 256 257 258 259 260 
261 262 263 264 265 266 267 268 269 
270 271 272 273 274 275 276 277 278 
279 280 281 282 283 284 285 286 287 
288 289 290 291 292 293 294 295 296 
297 298 299 300 301 302 303 304 305 
306 307 308 309 310 311 312 313 314 
315 316 317 318 319 320 321 322 323 
324 325 326 327 328 329 330 331 332 
333 334 335 336 337 338 339 340 341 
342 343 344 345 346 347 348 349 350 
351 352 353 354 355 356 357 358 359 
360 361 362 363 364 365 366 367 368 
369 370 371 372 373 374 375 376 377 
378 379 380 381 382 383 384 385 386 
387 388 389 390 391 392 393 394 395 
396 397 398 399 400 401 402 403 404 
405 406 407 408 409 410 411 412 413 
414 415 416 417 418 419 420 421 422 
423 424 425 426 427 428 429 430 431 
432 433 434 435 436 437 438 439 440 
441 442 443 444 445 446 447 448 449 
450 451 452 453 454 455 456 457 458 
459 460 461 462 463 464 465 466 467 
468 469 470 471 472 473 474 475 476 
477 478 479 480 481 482 483 484 485 
486 487 488 489 490 491 492 493 494 
495 496 497 498 499 500 501 502 503 
504 505 506 507 508 509 510 511 512 
513 514 515 516 517 518 519 520 521 
522 523 524 525 526 527 528 529 530 
531 532 533 534 535 536 537 538 539 
540 541 542 543 544 545 546 547 548 
549 550 551 552 553 554 555 556 557 
558 559 560 561 562 563 564 565 566 
567 568 569 570 571 572 573 574 575 
576 577 578 579 580 581 582 583 584 
585 586 587 588 589 590 591 592 593 
594 595 596 597 598 599 600 601 602 
603 604 605 606 607 608 609 610 611 
612 613 614 615 616 617 618 619 620 
621 622 623 624 625 626 627 628 629 
630 631 632 633 634 635 636 637 638 
639 640 641 642 643 644 645 646 647 
648 649 650 651 652 653 654 655 656 
657 658 659 660 661 662 663 664 665 
666 667 668 669 670 671 672 673 674 
675 676 677 678 679 680 681 682 683 
684 685 686 687 688 689 690 691 692 
693 694 695 696 697 698 699 700 701 
702 703 704 705 706 707 708 709 710 
711 712 713 714 715 716 717 718 719 
720 721 722 723 724 725 726 727 728 
729 730 731 732 733 734 735 736 737 
738 739 740 741 742 743 744 745 746 
747 748 749 750 751 752 753 754 755 
756 757 758 759 760 761 762 763 764 
765 766 767 768 769 770 771 772 773 
774 775 776 777 778 779 780 781 782 
783 784 785 786 787 788 789 790 791 
792 793 794 795 796 797 798 799 800 
801 802 803 804 805 806 807 808 809 
810 811 812 813 814 815 816 817 818 
819 820 821 822 823 824 825 826 827 
828 829 830 831 832 833 834 835 836 
837 838 839 840 841 842 843 844 845 
846 847 848 849 850 851 852 853 854 
855 856 857 858 859 860 861 862 863 
864 865 866 867 868 869 870 871 872 
873 874 875 876 877 878 879 880 881 
882 883 884 885 886 887 888 889 890 
891 892 893 894 895 896 897 898 899 
900 901 902 903 904 905 906 907 908 
909 910 911 912 913 914 915 916 917 
918 919 920 921 922 923 924 925 926 
927 928 929 930 931 932 933 934 935 
936 937 938 939 940 941 942 943 944 
945 946 947 948 949 950 951 952 953 
954 955 956 957 958 959 960 961 962 
963 964 965 966 967 968 969 970 971 
972 973 974 975 976 977 978 979 980 
981 982 983 984 985 986 987 988 989 
990 991 992 993 994 995 996 997 998 
999 1000 1001 1002 1003 1004 1005 1006 1007 
1008 1009 1010 1011 1012 1013 1014 1015 1016 
1017 1018 1019 1020 1021 1022 1023 1024 1025 
1026 1027 1028 1029 1030 1031 1032 1033 1034 
1035 1036 1037 1038 1039 1040 1041 1042 1043 
1044 1045 1046 1047 1048 1049 1050 1051 1052 
1053 1054 1055 1056 1057 1058 1059 1060 1061 
1062 1063 1064 1065 1066 1067 1068 1069 1070 
1071 1072 1073 1074 1075 1076 1077 1078 1079 
1080 1081 1082 1083 1084 1085 1086 1087 1088 
1089 1090 1091 1092 1093 1094 1095 1096 1097 
1098 1099 1100 1101 1102 1103 1104 1105 1106 
1107 1108 1109 1110 1111 1112 1113 1114 1115 
1116 1117 1118 1119 1120 1121 1122 1123 1124 
1125 1126 1127 1128 1129 1130 1131 1132 1133 
1134 1135 1136 1137 1138 1139 1140 1141 1142 
1143 1144 1145 1146 1147 1148 1149 1150 1151 
1152 1153 1154 1155 1156 1157 1158 1159 1160 
1161 1162 1163 1164 1165 1166 1167 1168 1169 
1170 1171 1172 1173 1174 1175 1176 1177 1178 
1179 1180 1181 1182 1183 1184 1185 1186 1187 
1188 1189 1190 1191 1192 1193 1194 1195 1196 
1197 1198 1199 1200 1201 1202 1203 1204 1205 
1206 1207 1208 1209 1210 1211 1212 1213 1214 
1215 1216 1217 1218 1219 1220 1221 1222 1223 
1224 1225 1226 1227 1228 1229 1230 1231 1232 
1233 1234 1235 1236 1237 1238 1239 1240 1241 
1242 1243 1244 1245 1246 1247 1248 1249 1250 
1251 1252 1253 1254 1255 1256 1257 1258 1259 
1260 1261 1262 1263 1264 1265 1266 1267 1268 
1269 1270 1271 1272 1273 1274 1275 1276 1277 
1278 1279 1280 1281 1282 1283 1284 1285 1286 
1287 1288 1289 1290 1291 1292 1293 1294 1295 
1296 1297 1298 1299 1300 1301 1302 1303 1304 
1305 1306 1307 1308 1309 1310 1311 1312 1313 
1314 1315 1316 1317 1318 1319 1320 1321 1322 
1323 1324 1325 1326 1327 1328 1329 1330 1331 
1332 1333 1334 1335 1336 1337 1338 1339 1340 
1341 1342 1343 1344 1345 1346 1347 1348 1349 
1350 1351 1352 1353 1354 1355 1356 1357 1358 
1359 1360 1361 1362 1363 1364 1365 1366 1367 
1368 1369 1370 1371 1372 1373 1374 1375 1376 
1377 1378 1379 1380 1381 1382 1383 1384 1385 
1386 1387 1388 1389 1390 1391 1392 1393 1394 
1395 1396 1397 1398 1399 1400 1401 1402 1403 
1404 1405 1406 1407 1408 1409 1410 1411 1412 
1413 1414 1415 1416 1417 1418 1419 1420 1421 
1422 1423 1424 1425 1426 1427 1428 1429 1430 
1431 1432 1433 1434 1435 1436 1437 1438 1439 
1440 1441 1442 1443 1444 1445 1446 1447 1448 
1449 1450 1451 1452 1453 1454 1455 1456 1457 
1458 1459 1460 1461 1462 1463 1464 1465 1466 
1467 1468 1469 1470 1471 1472 1473 1474 1475 
1476 1477 1478 1479 1480 1481 1482 1483 1484 
1485 1486 1487 1488 1489 1490 1491 1492 1493 
1494 1495 1496 1497 1498 1499 1500 1501 1502 
1503 1504 1505 1506 1507 1508 1509 1510 1511 
1512 1513 1514 1515 1516 1517 1518 1519 1520 
1521 1522 1523 1524 1525 1526 1527 1528 1529 
1530 1531 1532 1533 1534 1535 1536 1537 1538 
1539 1540 1541 1542 1543 1544 1545 1546 1547 
1548 1549 1550 1551 1552 1553 1554 1555 1556 
1557 1558 1559 1560 1561 1562 1563 1564 1565 
1566 1567 1568 1569 1570 1571 1572 1573 1574 
1575 1576 1577 1578 1579 1580 1581 1582 1583 
1584 1585 1586 1587 1588 1589 1590 1591 1592 
1593 1594 1595 1596 1597 1598 1599 1600 1601 
1602 1603 1604 1605 1606 1607 1608 1609 1610 
1611 1612 1613 1614 1615 1616 1617 1618 1619 
1620 1621 1622 1623 1624 1625 1626 1627 1628 
1629 1630 1631 1632 1633 1634 1635 1636 1637 
1638 1639 1640 1641 1642 1643 1644 1645 1646 
1647 1648 1649 1650 1651 1652 1653 1654 1655 
1656 1657 1658 1659 1660 1661 1662 1663 1664 
1665 1666 1667 1668 1669 1670 1671 1672 1673 
1674 1675 1676 1677 1678 1679 1680 1681 1682 
1683 1684 1685 1686 1687 1688 1689 1690 1691 
1692 1693 1694 1695 1696 1697 1698 1699 1700 
1701 1702 1703 1704 1705 1706 1707 1708 1709 
1710 1711 1712 1713 1714 1715 1716 1717 1718 
1719 1720 1721 1722 1723 1724 1725 1726 1727 
1728 1729 1730 1731 1732 1733 1734 1735 1736 
1737 1738 1739 1740 1741 1742 1743 1744 1745 
1746 1747 1748 1749 1750 1751 1752 1753 1754 
1755 1756 1757 1758 1759 1760 1761 1762 1763 
1764 1765 1766 1767 1768 1769 1770 1771 1772 
1773 1774 1775 1776 1777 1778 1779 1780 1781 
1782 1783 1784 1785 1786 1787 1788 1789 1790 
1791 1792 1793 1794 1795 1796 1797 1798 1799 
1800 1801 1802 1803 1804 1805 1806 1807 1808 
1809 1810 1811 1812 1813 1814 1815 1816 1817 
1818 1819 1820 1821 1822 1823 1824 1825 1826 
1827 1828 1829 1830 1831 1832 1833 1834 1835 
1836 1837 1838 1839 1840 1841 1842 1843 1844 
1845 1846 1847 1848 1849 1850 1851 1852 1853 
1854 1855 1856 1857 1858 1859 1860 1861 1862 
1863 1864 1865 1866 1867 1868 1869 1870 1871 
1872 1873 1874 1875 1876 1877 1878 1879 1880 
1881 1882 1883 1884 1885 1886 1887 1888 1889 
1890 1891 1892 1893 1894 1895 1896 1897 1898 
1899 1900 1901 1902 1903 1904 1905 1906 1907 
1908 1909 1910 1911 1912 1913 1914 1915 1916 
1917 1918 1919 1920 1921 1922 1923 1924 1925 
1926 1927 1928 1929 1930 1931 1932 1933 1934 
1935 1936 1937 1938 1939 1940 1941 1942 1943 
1944 1945 1946 1947 1948 1949 1950 1951 1952 
1953 1954 1955 1956 1957 1958 1959 1960 1961 
1962 1963 1964 1965 1966 1967 1968 1969 1970 
1971 1972 1973 1974 1975 1976 1977 1978 1979 
1980 1981 1982 1983 1984 1985 1986 1987 1988 
1989 1990 1991 1992 1993 1994 1995 1996 1997 
1998 1999 2000 2001 2002 2003 2004 2005 2006 
2007 2008 2009 2010 2011 2012 2013 2014 2015 
2016 2017 2018 2019 2020 2021 2022 2023 2024 
2025 2026 2027 2028 2029 2030 2031 2032 2033 
2034 2035 2036 2037 2038 2039 2040 2041 2042 
2043 2044 2045 2046 2047 2048 2049 2050 2051 
2052 2053 2054 2055 2056 2057 2058 2059 2060 
2061 2062 2063 2064 2065 2066 2067 2068 2069 
2070 2071 2072 2073 2074 2075 2076 2077 2078 
2079 2080 2081 2082 2083 2084 2085 2086 2087 
2088 2089 2090 2091 2092 2093 2094 2095 2096 
2097 2098 2099 2100 2101 2102 2103 2104 2105 
2106 2107 2108 2109 2110 2111 2112 2113 2114 
2115 2116 2117 2118 2119 2120 2121 2122 2123 
2124 2125 2126 2127 2128 2129 2130 2131 2132 
2133 2134 2135 2136 2137 2138 2139 2140 2141 
2142 2143 2144 2145 2146 2147 2148 2149 2150 
2151 2152 2153 2154 2155 2156 2157 2158 2159 
2160 2161 2162 2163 2164 2165 2166 2167 2168 
2169 2170 2171 2172 2173 2174 2175 2176 2177 
2178 2179 2180 2181 2182 2183 2184 2185 2186 
2187 2188 2189 2190 2191 2192 2193 2194 2195 
2196 2197 2198 2199 2200 2201 2202 2203 2204 
2205 2206 2207 2208 2209 2210 2211 2212 2213 
2214 2215 2216 2217 2218 2219 2220 2221 2222 
2223 2224 2225 2226 2227 2228 2229 2230 2231 
2232 2233 2234 2235 2236 2237 2238 2239 2240 
2241 2242 2243 2244 2245 2246 2247 2248 2249 
2250 2251 2252 2253 2254 2255 2256 2257 2258 
2259 2260 2261 2262 2263 2264 2265 2266 2267 
2268 2269 2270 2271 2272 2273 2274 2275 2276 
2277 2278 2279 2280 2281 2282 2283 2284 2285 
2286 2287 2288 2289 2290 2291 2292 2293 2294 
2295 2296 2297 2298 2299 2300 2301 2302 2303 
2304 2305 2306 2307 2308 2309 2310 2311 2312 
2313 2314 2315 2316 2317 2318 2319 2320 2321 
2322 2323 2324 2325 2326 2327 2328 2329 2330 
2331 2332 2333 2334 2335 2336 2337 2338 2339 
2340 2341 2342 2343 2344 2345 2346 2347 2348 
2349 2350 2351 2352 2353 2354 2355 2356 2357 
2358 2359 2360 2361 2362 2363 2364 2365 2366 
2367 2368 2369 2370 2371 2372 2373 2374 2375 
2376 2377 2378 2379 2380 2381 2382 2383 2384 
2385 2386 2387 2388 2389 2390 2391 2392 2393 
2394 2395 2396 2397 2398 2399 2400 2401 2402 
2403 2404 2405 2406 2407 2408 2409 2410 2411 
2412 2413 2414 2415 2416 2417 2418 2419 2420 
2421 2422 2423 2424 2425 2426 2427 2428 2429 
2430 2431 2432 2433 2434 2435 2436 2437 2438 
2439 2440 2441 2442 2443 2444 2445 2446 2447 
2448 2449 2450 2451 2452 2453 2454 2455 2456 
2457 2458 2459 2460 2461 2462 2463 2464 2465 
2466 2467 2468 2469 2470 2471 2472 2473 2474 
2475 2476 2477 2478 2479 2480 2481 2482 2483 
2484 2485 2486 2487 2488 2489 2490 2491 2492 
2493 2494 2495 2496 2497 2498 2499 2500 2501 
2502 2503 2504 2505 2506 2507 2508 2509 2510 
2511 2512 2513 2514 2515 2516 2517 2518 2519 
2520 2521 2522 2523 2524 2525 2526 2527 2528 
2529 2530 2531 2532 2533 2534 2535 2536 2537 
2538 2539 2540 2541 2542 2543 2544 2545 2546 
2547 2548 2549 2550 2551 2552 2553 2554 2555 
2556 2557 2558 2559 2560 2561 2562 2563 2564 
2565 2566 2567 2568 2569 2570 2571 2572 2573 
2574 2575 2576 2577 2578 2579 2580 2581 2582 
2583 2584 2585 2586 2587 2588 2589 2590 2591 
2592 2593 2594 2595 2596 2597 2598 2599 2600 
2601 2602 2603 2604 2605 2606 2607 2608 2609 
2610 2611 2612 2613 2614 2615 2616 2617 2618 
2619 2620 2621 2622 2623 2624 2625 2626 2627 
2628 2629 2630 2631 2632 2633 2634 2635 2636 
2637 2638 2639 2640 2641 2642 2643 2644 2645 
2646 2647 2648 2649 2650 2651 2652 2653 2654 
2655 2656 2657 2658 2659 2660 2661 2662 2663 
2664 2665 2666 2667 2668 2669 2670 2671 2672 
2673 2674 2675 2676 2677 2678 2679 2680 2681 
2682 2683 2684 2685 2686 2687 2688 2689 2690 
2691 2692 2693 2694 2695 2696 2697 2698 2699 
2700 2701 2702 2703 2704 2705 2706 2707 2708 
2709 2710 2711 2712 2713 2714 2715 2716 2717 
2718 2719 2720 2721 2722 2723 2724 2725 2726 
2727 2728 2729 2730 2731 2732 2733 2734 2735 
2736 2737 2738 2739 2740 2741 2742 2743 2744 
2745 2746 2747 2748 2749 2750 2751 2752 2753 
2754 2755 2756 2757 2758 2759 2760 2761 2762 
2763 2764 2765 2766 2767 2768 2769 2770 2771 
2772 2773 2774 2775 2776 2777 2778 2779 2780 
2781 2782 2783 2784 2785 2786 2787 2788 2789 
2790 2791 2792 2793 2794 2795 2796 2797 2798 
2799 2800 2801 2802 2803 2804 2805 2806 2807 
2808 2809 2810 2811 2812 2813 2814 2815 2816 
2817 2818 2819 2820 2821 2822 2823 2824 2825 
2826 2827 2828 2829 2830 2831 2832 2833 2834 
2835 2836 2837 2838 2839 2840 2841 2842 2843 
2844 2845 2846 2847 2848 2849 2850 2851 2852 
2853 2854 2855 2856 2857 2858 2859 2860 2861 
2862 2863 2864 2865 2866 2867 2868 2869 2870 
2871 2872 2873 2874 2875 2876 2877 2878 2879 
2880 2881 2882 2883 2884 2885 2886 2887 2888 
2889 2890 2891 2892 2893 2894 2895 2896 2897 
2898 2899 2900 2901 2902 2903 2904 2905 2906 
2907 2908 2909 2910 2911 2912 2913 2914 2915 
2916 2917 2918 2919 2920 2921 2922 2923 2924 
2925 2926 2927 2928 2929 2930 2931 2932 2933 
2934 2935 2936 2937 2938 2939 2940 2941 2942 
2943 2944 2945 2946 2947 2948 2949 2950 2951 
2952 2953 2954 2955 2956 2957 2958 2959 2960 
2961 2962 2963 2964 2965 2966 2967 2968 2969 
2970 2971 2972 2973 2974 2975 2976 2977 2978 
2979 2980 2981 2982 2983 2984 2985 2986 2987 
2988 2989 2990 2991 2992 2993 2994 2995 2996 
2997 2998 2999 3000 3001 3002 3003 3004 3005 
3006 3007 3008 3009 3010 3011 3012 3013 3014 
3015 3016 3017 3018 3019 3020 3021 3022 3023 
3024 3025 3026 3027 3028 3029 3030 3031 3032 
3033 3034 3035 3036 3037 3038 3039 3040 3041 
3042 3043 3044 3045 3046 3047 3048 3049 3050 
3051 3052 3053 3054 3055 3056 3057 3058 3059 
3060 3061 3062 3063 3064 3065 3066 3067 3068 
3069 3070 3071 3072 3073 3074 3075 3076 3077 
3078 3079 3080 3081 3082 3083 3084 3085 3086 
3087 3088 3089 3090 3091 3092 3093 3094 3095 
3096 3097 3098 3099 3100 3101 3102 3103 3104 
3105 3106 3107 3108 3109 3110 3111 3112 3113 
3114 3115 3116 3117 3118 3119 3120 3121 3122 
3123 3124 3125 3126 3127 3128 3129 3130 3131 
3132 3133 3134 3135 3136 3137 3138 3139 3140 
3141 3142 3143 3144 3145 3146 3147 3148 3149 
3150 3151 3152 3153 3154 3155 3156 3157 3158 
3159 3160 3161 3162 3163 3164 3165 3166 3167 
3168 3169 3170 3171 3172 3173 3174 3175 3176 
3177 3178 3179 3180 3181 3182 3183 3184 3185 
3186 3187 3188 3189 3190 3191 3192 3193 3194 
3195 3196 3197 3198 3199 3200 3201 3202 3203 
3204 3205 3206 3207 3208 3209 3210 3211 3212 
3213 3214 3215 3216 3217 3218 3219 3220 3221 
3222 3223 3224 3225 3226 3227 3228 3229 3230 
3231 3232 3233 3234 3235 3236 3237 3238 3239 
3240 3241 3242 3243 3244 3245 3246 3247 3248 
3249 3250 3251 3252 3253 3254 3255 3256 3257 
3258 3259 3260 3261 3262 3263 3264 3265 3266 
3267 3268 3269 3270 3271 3272 3273 3274 3275 
3276 3277 3278 3279 3280 3281 3282 3283 3284 
3285 3286 3287 3288 3289 3290 3291 3292 3293 
3294 3295 3296 3297 3298 3299 3300 3301 3302 
3303 3304 3305 3306 3307 3308 3309 3310 3311 
3312 3313 3314 3315 3316 3317 3318 3319 3320 
3321 3322 3323 3324 3325 3326 3327 3328 3329 
3330 3331 3332 3333 3334 3335 3336 3337 3338 
3339 3340 3341 3342 3343 3344 3345 3346 3347 
3348 3349 3350 3351 3352 3353 3354 3355 3356 
3357 3358 3359 3360 3361 3362 3363 3364 3365 
3366 3367 3368 3369 3370 3371 3372 3373 3374 
3375 3376 3377 3378 3379 3380 3381 3382 3383 
3384 3385 3386 3387 3388 3389 3390 3391 3392 
3393 3394 3395 3396 3397 3398 3399 3400 3401 
3402 3403 3404 3405 3406 3407 3408 3409 3410 
3411 3412 3413 3414 3415 3416 3417 3418 3419 
3420 3421 3422 3423 3424 3425 3426 3427 3428 
3429 3430 3431 3432 3433 3434 3435 3436 3437 
3438 3439 3440 3441 3442 3443 3444 3445 3446 
3447 3448 3449 3450 3451 3452 3453 3454 3455 
3456 3457 3458 3459 3460 3461 3462 3463 3464 
3465 3466 3467 3468 3469 3470 3471 3472 3473 
3474 3475 3476 3477 3478 3479 3480 3481 3482 
3483 3484 3485 3486 3487 3488 3489 3490 3491 
3492 3493 3494 3495 3496 3497 3498 3499 3500 
3501 3502 3503 3504 3505 3506 3507 3508 3509 
3510 3511 3512 3513 3514 3515 3516 3517 3518 
3519 3520 3521 3522 3523 3524 3525 3526 3527 
3528 3529 3530 3531 3532 3533 3534 3535 3536 
3537 3538 3539 3540 3541 3542 3543 3544 3545 
3546 3547 3548 3549 3550 3551 3552 3553 3554 
3555 3556 3557 3558 3559 3560 3561 3562 3563 
3564 3565 3566 3567 3568 3569 3570 3571 3572 
3573 3574 3575 3576 3577 3578 3579 3580 3581 
3582 3583 3584 3585 3586 3587 3588 3589 3590 
3591 3592 3593 3594 3595 3596 3597 3598 3599 
3600 3601 3602 3603 3604 3605 3606 3607 3608 
3609 3610 3611 3612 3613 3614 3615 3616 3617 
3618 3619 3620 3621 3622 3623 3624 3625 3626 
3627 3628 3629 3630 3631 3632 3633 3634 3635 
3636 3637 3638 3639 3640 3641 3642 3643 3644 
3645 3646 3647 3648 3649 3650 3651 3652 3653 
3654 3655 3656 3657 3658 3659 3660 3661 3662 
3663 3664 3665 3666 3667 3668 3669 3670 3671 
3672 3673 3674 3675 3676 3677 3678 3679 3680 
3681 3682 3683 3684 3685 3686 3687 3688 3689 
3690 3691 3692 3693 3694 3695 3696 3697 3698 
3699 3700 3701 3702 3703 3704 3705 3706 3707 
3708 3709 3710 3711 3712 3713 3714 3715 3716 
3717 3718 3719 3720 3721 3722 3723 3724 3725 
3726 3727 3728 3729 3730 3731 3732 3733 3734 
3735 3736 3737 3738 3739 3740 3741 3742 3743 
3744 3745 3746 3747 3748 3749 3750 3751 3752 
3753 3754 3755 3756 3757 3758 3759 3760 3761 
3762 3763 3764 3765 3766 3767 3768 3769 3770 
3771 3772 3773 3774 3775 3776 3777 3778 3779 
3780 3781 3782 3783 3784 3785 3786 3787 3788 
3789 3790 3791 3792 3793 3794 3795 3796 3797 
3798 3799 3800 3801 3802 3803 3804 3805 3806 
3807 3808 3809 3810 3811 3812 3813 3814 3815 
3816 3817 3818 3819 3820 3821 3822 3823 3824 
3825 3826 3827 3828 3829 3830 3831 3832 3833 
3834 3835 3836 3837 3838 3839 3840 3841 3842 
3843 3844 3845 3846 3847 3848 3849 3850 3851 
3852 3853 3854 3855 3856 3857 3858 3859 3860 
3861 3862 3863 3864 3865 3866 3867 3868 3869 
3870 3871 3872 3873 3874 3875 3876 3877 3878 
3879 3880 3881 3882 3883 3884 3885 3886 3887 
3888 3889 3890 3891 3892 3893 3894 3895 3896 
3897 3898 3899 3900 3901 3902 3903 3904 3905 
3906 3907 3908 3909 3910 3911 3912 3913 3914 
3915 3916 3917 3918 3919 3920 3921 3922 3923 
3924 3925 3926 3927 3928 3929 3930 3931 3932 
3933 3934 3935 3936 3937 3938 3939 3940 3941 
3942 3943 3944 3945 3946 3947 3948 3949 3950 
3951 3952 3953 3954 3955 3956 3957 3958 3959 
3960 3961 3962 3963 3964 3965 3966 3967 3968 
3969 3970 3971 3972 3973 3974 3975 3976 3977 
3978 3979 3980 3981 3982 3983 3984 3985 3986 
3987 3988 3989 3990 3991 3992 3993 3994 3995 
3996 3997 3998 3999 4000 4001 4002 4003 4004 
4005 4006 4007 4008 4009 4010 4011 4012 4013 
4014 4015 4016 4017 4018 4019 4020 4021 4022 
4023 4024 4025 4026 4027 4028 4029 4030 4031 
4032 4033 4034 4035 4036 4037 4038 4039 4040 
4041 4042 4043 4044 4045 4046 4047 4048 4049 
4050 4051 4052 4053 4054 4055 4056 4057 4058 
4059 4060 4061 4062 4063 4064 4065 4066 4067 
4068 4069 4070 4071 4072 4073 4074 4075 4076 
4077 4078 4079 4080 4081 4082 4083 4084 4085 
4086 4087 4088 4089 4090 4091 4092 4093 4094 
4095 4096 4097 4098 4099 4100 4101 4102 4103 
4104 4105 4106 4107 4108 4109 4110 4111 4112 
4113 4114 4115 4116 4117 4118 4119 4120 4121 
4122 4123 4124 4125 4126 4127 4128 4129 4130 
4131 4132 4133 4134 4135 4136 4137 4138 4139 
4140 4141 4142 4143 4144 4145 4146 4147 4148 
4149 4150 4151 4152 4153 4154 4155 4156 4157 
4158 4159 4160 4161 4162 4163 4164 4165 4166 
4167 4168 4169 4170 4171 4172 4173 4174 4175 
4176 4177 4178 4179 4180 4181 4182 4183 4184 
4185 4186 4187 4188 4189 4190 4191 4192 4193 
4194 4195 4196 4197 4198 4199 4200 4201 4202 
4203 4204 4205 4206 4207 4208 4209 4210 4211 
4212 4213 4214 4215 4216 4217 4218 4219 4220 
4221 4222 4223 4224 4225 4226 4227 4228 4229 
4230 4231 4232 4233 4234 4235 4236 4237 4238 
4239 4240 4241 4242 4243 4244 4245 4246 4247 
4248 4249 4250 4251 4252 4253 4254 4255 4256 
4257 4258 4259 4260 4261 4262 4263 4264 4265 
4266 4267 4268 4269 4270 4271 4272 4273 4274 
4275 4276 4277 4278 4279 4280 4281 4282 4283 
4284 4285 4286 4287 4288 4289 4290 4291 4292 
4293 4294 4295 4296 4297 4298 4299 4300 4301 
4302 4303 4304 4305 4306 4307 4308 4309 4310 
4311 4312 4313 4314 4315 4316 4317 4318 4319 
4320 4321 4322 4323 4324 4325 4326 4327 4328 
4329 4330 4331 4332 4333 4334 4335 4336 4337 
4338 4339 4340 4341 4342 4343 4344 4345 4346 
4347 4348 4349 4350 4351 4352 4353 4354 4355 
4356 4357 4358 4359 4360 4361 4362 4363 4364 
4365 4366 4367 4368 4369 4370 4371 4372 4373 
4374 4375 4376 4377 4378 4379 4380 4381 4382 
4383 4384 4385 4386 4387 4388 4389 4390 4391 
4392 4393 4394 4395 4396 4397 4398 4399 4400 
4401 4402 4403 4404 4405 4406 4407 4408 4409 
4410 4411 4412 4413 4414 4415 4416 4417 4418 
4419 4420 4421 4422 4423 4424 4425 4426 4427 
4428 4429 4430 4431 4432 4433 4434 4435 4436 
4437 4438 4439 4440 4441 4442 4443 4444 4445 
4446 4447 4448 4449 4450 4451 4452 4453 4454 
4455 4456 4457 4458 4459 4460 4461 4462 4463 
4464 4465 4466 4467 4468 4469 4470 4471 4472 
4473 4474 4475 4476 4477 4478 4479 4480 4481 
4482 4483 4484 4485 4486 4487 4488 4489 4490 
4491 4492 4493 4494 4495 4496 4497 4498 4499 
4500 4501 4502 4503 4504 4505 4506 4507 4508 
4509 4510 4511 4512 4513 4514 4515 4516 4517 
4518 4519 4520 4521 4522 4523 4524 4525 4526 
4527 4528 4529 4530 4531 4532 4533 4534 4535 
4536 4537 4538 4539 4540 4541 4542 4543 4544 
4545 4546 4547 4548 4549 4550 4551 4552 4553 
4554 4555 4556 4557 4558 4559 4560 4561 4562 
4563 4564 4565 4566 4567 4568 4569 4570 4571 
4572 4573 4574 4575 4576 4577 4578 4579 4580 
4581 4582 4583 4584 4585 4586 4587 4588 4589 
4590 4591 4592 4593 4594 4595 4596 4597 4598 
4599 4600 4601 4602 4603 4604 4605 4606 4607 
4608 4609 4610 4611 4612 4613 4614 4615 4616 
4617 4618 4619 4620 4621 4622 4623 4624 4625 
4626 4627 4628 4629 4630 4631 4632 4633 4634 
4635 4636 4637 4638 4639 4640 4641 4642 4643 
4644 4645 4646 4647 4648 4649 4650 4651 4652 
4653 4654 4655 4656 4657 4658 4659 4660 4661 
4662 4663 4664 4665 4666 4667 4668 4669 4670 
4671 4672 4673 4674 4675 4676 4677 4678 4679 
4680 4681 4682 4683 4684 4685 4686 4687 4688 
4689 4690 4691 4692 4693 4694 4695 4696 4697 
4698 4699 4700 4701 4702 4703 4704 4705 4706 
4707 4708 4709 4710 4711 4712 4713 4714 4715 
4716 4717 4718 4719 4720 4721 4722 4723 4724 
4725 4726 4727 4728 4729 4730 4731 4732 4733 
4734 4735 4736 4737 4738 4739 4740 4741 4742 
4743 4744 4745 4746 4747 4748 4749 4750 4751 
4752 4753 4754 4755 4756 4757 4758 4759 4760 
4761 4762 4763 4764 4765 4766 4767 4768 4769 
4770 4771 4772 4773 4774 4775 4776 4777 4778 
4779 4780 4781 4782 4783 4784 4785 4786 4787 
4788 4789 4790 4791 4792 4793 4794 4795 4796 
4797 4798 4799 4800 4801 4802 4803 4804 4805 
4806 4807 4808 4809 4810 4811 4812 4813 4814 
4815 4816 4817 4818 4819 4820 4821 4822 4823 
4824 4825 4826 4827 4828 4829 4830 4831 4832 
4833 4834 4835 4836 4837 4838 4839 4840 4841 
4842 4843 4844 4845 4846 4847 4848 4849 4850 
4851 4852 4853 4854 4855 4856 4857 4858 4859 
4860 4861 4862 4863 4864 4865 4866 4867 4868 
4869 4870 4871 4872 4873 4874 4875 4876 4877 
4878 4879 4880 4881 4882 4883 4884 4885 4886 
4887 4888 4889 4890 4891 4892 4893 4894 4895 
4896 4897 4898 4899 4900 4901 4902 4903 4904 
4905 4906 4907 4908 4909 4910 4911 4912 4913 
4914 4915 4916 4917 4918 4919 4920 4921 4922 
4923 4924 4925 4926 4927 4928 4929 4930 4931 
4932 4933 4934 4935 4936 4937 4938 4939 4940 
4941 4942 4943 4944 4945 4946 4947 4948 4949 
4950 4951 4952 4953 4954 4955 4956 4957 4958 
4959 4960 4961 4962 4963 4964 4965 4966 4967 
4968 4969 4970 4971 4972 4973 4974 4975 4976 
4977 4978 4979 4980 4981 4982 4983 4984 4985 
4986 4987 4988 4989 4990 4991 4992 4993 4994 
4995 4996 4997 4998 4999 5000 5001 5002 5003 
5004 5005 5006 5007 5008 5009 5010 5011 5012 
5013 5014 5015 5016 5017 5018 5019 5020 5021 
5022 5023 5024 5025 5026 5027 5028 5029 5030 
5031 5032 5033 5034 5035 5036 5037 5038 5039 
5040 5041 5042 5043 5044 5045 5046 5047 5048 
5049 5050 5051 5052 5053 
POINT_DATA 5054
SCALARS SamplingDistance2Origin float 
LOOKUP_TABLE default
-29 -28 -27 -26 -25 -24 -23 -22 -21 
-20 -19 -18 -17 -16 -15 -14 -13 -12 
-11 -10 -9 -8 -7 -6 -5 -4 -3 
-2 -1 0 1 2 3 4 5 6 
7 8 9 10 11 12 13 14 15 
16 17 18 19 20 21 22 23 24 
25 26 27 28 -49 -48 -47 -46 -45 
-44 -43 -42 -41 -40 -39 -38 -37 -36 
-35 -34 -33 -32 -31 -30 -29 -28 -27 
-26 -25 -24 -23 -22 -21 -20 -19 -18 
-17 -16 -15 -14 -13 -12 -11 -10 -9 
-8 -7 -6 -5 -4 -3 -2 -1 0 
1 2 3 4 5 6 7 8 9 
10 11 12 13 14 15 16 17 18 
19 20 21 22 23 24 25 26 27 
28 29 30 31 32 33 34 35 36 
37 38 39 40 41 42 43 44 45 
46 47 48 -42 -41 -40 -39 -38 -37 
-36 -35 -34 -33 -32 -31 -30 -29 -28 
-27 -26 -25 -24 -23 -22 -21 -20 -19 
-18 -17 -16 -15 -14 -13 -12 -11 -10 
-9 -8 -7 -6 -5 -4 -3 -2 -1 
0 1 2 3 4 5 6 7 8 
9 10 11 12 13 14 15 16 17 
18 19 20 21 22 23 24 25 26 
27 28 29 30 31 32 33 34 35 
36 37 38 -33 -32 -31 -30 -29 -28 
-27 -26 -25 -24 -23 -22 -21 -20 -19 
-18 -17 -16 -15 -14 -13 -12 -11 -10 
-9 -8 -7 -6 -5 -4 -3 -2 -1 
0 1 2 3 4 5 6 7 8 
9 10 11 12 13 14 15 16 17 
18 19 20 21 22 23 24 25 26 
27 28 29 30 31 32 33 34 -19 
-18 -17 -16 -15 -14 -13 -12 -11 -10 
-9 -8 -7 -6 -5 -4 -3 -2 -1 
0 1 2 3 4 5 6 7 8 
9 10 11 12 13 14 15 16 17 
-41 -40 -39 -38 -37 -36 -35 -34 -33 
-32 -31 -30 -29 -28 -27 -26 -25 -24 
-23 -22 -21 -20 -19 -18 -17 -16 -15 
-14 -13 -12 -11 -10 -9 -8 -7 -6 
-5 -4 -3 -2 -1 0 1 2 3 
4 5 6 7 8 9 10 11 12 
13 14 15 16 17 18 19 20 21 
22 23 24 25 26 27 28 29 30 
31 32 33 34 35 -36 -35 -34 -33 
-32 -31 -30 -29 -28 -27 -26 -25 -24 
-23 -22 -21 -20 -19 -18 -17 -16 -15 
-14 -13 -12 -11 -10 -9 -8 -7 -6 
-5 -4 -3 -2 -1 0 1 2 3 
4 5 6 7 8 9 10 11 12 
13 14 15 16 17 18 19 20 21 
22 23 24 25 26 27 28 29 30 
31 32 33 34 35 -19 -18 -17 -16 
-15 -14 -13 -12 -11 -10 -9 -8 -7 
-6 -5 -4 -3 -2 -1 0 1 2 
3 4 5 6 7 8 9 10 11 
12 13 14 15 16 17 -46 -45 -44 
-43 -42 -41 -40 -39 -38 -37 -36 -35 
-34 -33 -32 -31 -30 -29 -28 -27 -26 
-25 -24 -23 -22 -21 -20 -19 -18 -17 
-16 -15 -14 -13 -12 -11 -10 -9 -8 
-7 -6 -5 -4 -3 -2 -1 0 1 
2 3 4 5 6 7 8 9 10 
11 12 13 14 15 16 17 18 19 
20 21 22 23 24 25 26 27 28 
29 30 31 32 33 34 35 36 37 
38 39 40 41 42 43 -40 -39 -38 
-37 -36 -35 -34 -33 -32 -31 -30 -29 
-28 -27 -26 -25 -24 -23 -22 -21 -20 
-19 -18 -17 -16 -15 -14 -13 -12 -11 
-10 -9 -8 -7 -6 -5 -4 -3 -2 
-1 0 1 2 3 4 5 6 7 
8 9 10 11 12 13 14 15 16 
17 18 19 20 21 22 23 24 25 
26 27 28 29 30 31 32 33 34 
35 36 37 38 39 40 41 42 43 
44 45 46 47 -34 -33 -32 -31 -30 
-29 -28 -27 -26 -25 -24 -23 -22 -21 
-20 -19 -18 -17 -16 -15 -14 -13 -12 
-11 -10 -9 -8 -7 -6 -5 -4 -3 
-2 -1 0 1 2 3 4 5 6 
7 8 9 10 11 12 13 14 15 
16 17 18 19 20 21 22 23 24 
25 26 27 28 29 30 31 -31 -30 
-29 -28 -27 -26 -25 -24 -23 -22 -21 
-20 -19 -18 -17 -16 -15 -14 -13 -12 
-11 -10 -9 -8 -7 -6 -5 -4 -3 
-2 -1 0 1 2 3 4 5 6 
7 8 9 10 11 12 13 14 15 
16 17 18 19 20 21 22 23 24 
25 26 27 28 29 30 31 32 33 
34 35 -48 -47 -46 -45 -44 -43 -42 
-41 -40 -39 -38 -37 -36 -35 -34 -33 
-32 -31 -30 -29 -28 -27 -26 -25 -24 
-23 -22 -21 -20 -19 -18 -17 -16 -15 
-14 -13 -12 -11 -10 -9 -8 -7 -6 
-5 -4 -3 -2 -1 0 1 2 3 
4 5 6 7 8 9 10 11 12 
13 14 15 16 17 18 19 20 21 
22 23 24 25 26 27 28 29 30 
31 32 33 34 35 36 37 38 39 
40 41 42 43 -48 -47 -46 -45 -44 
-43 -42 -41 -40 -39 -38 -37 -36 -35 
-34 -33 -32 -31 -30 -29 -28 -27 -26 
-25 -24 -23 -22 -21 -20 -19 -18 -17 
-16 -15 -14 -13 -12 -11 -10 -9 -8 
-7 -6 -5 -4 -3 -2 -1 0 1 
2 3 4 5 6 7 8 9 10 
11 12 13 14 15 16 17 18 19 
20 21 22 23 24 25 26 27 28 
29 30 31 32 33 34 35 36 37 
38 39 40 41 42 43 44 -32 -31 
-30 -29 -28 -27 -26 -25 -24 -23 -22 
-21 -20 -19 -18 -17 -16 -15 -14 -13 
-12 -11 -10 -9 -8 -7 -6 -5 -4 
-3 -2 -1 0 1 2 3 4 5 
6 7 8 9 10 11 12 13 14 
15 16 17 18 19 20 21 22 23 
24 25 26 27 28 29 30 31 -33 
-32 -31 -30 -29 -28 -27 -26 -25 -24 
-23 -22 -21 -20 -19 -18 -17 -16 -15 
-14 -13 -12 -11 -10 -9 -8 -7 -6 
-5 -4 -3 -2 -1 0 1 2 3 
4 5 6 7 8 9 10 11 12 
13 14 15 16 17 18 19 20 21 
22 23 24 25 26 27 28 29 30 
31 32 33 -36 -35 -34 -33 -32 -31 
-30 -29 -28 -27 -26 -25 -24 -23 -22 
-21 -20 -19 -18 -17 -16 -15 -14 -13 
-12 -11 -10 -9 -8 -7 -6 -5 -4 
-3 -2 -1 0 1 2 3 4 5 
6 7 8 9 10 11 12 13 14 
15 16 17 18 19 20 21 22 23 
24 25 26 27 28 29 30 31 32 
33 34 35 -37 -36 -35 -34 -33 -32 
-31 -30 -29 -28 -27 -26 -25 -24 -23 
-22 -21 -20 -19 -18 -17 -16 -15 -14 
-13 -12 -11 -10 -9 -8 -7 -6 -5 
-4 -3 -2 -1 0 1 2 3 4 
5 6 7 8 9 10 11 12 13 
14 15 16 17 18 19 20 21 22 
23 24 25 26 27 28 29 30 31 
32 33 34 35 36 37 38 39 40 
41 42 -38 -37 -36 -35 -34 -33 -32 
-31 -30 -29 -28 -27 -26 -25 -24 -23 
-22 -21 -20 -19 -18 -17 -16 -15 -14 
-13 -12 -11 -10 -9 -8 -7 -6 -5 
-4 -3 -2 -1 0 1 2 3 4 
5 6 7 8 9 10 11 12 13 
14 15 16 17 18 19 20 21 22 
23 24 25 26 27 28 29 30 31 
32 33 34 35 36 37 -50 -49 -48 
-47 -46 -45 -44 -43 -42 -41 -40 -39 
-38 -37 -36 -35 -34 -33 -32 -31 -30 
-29 -28 -27 -26 -25 -24 -23 -22 -21 
-20 -19 -18 -17 -16 -15 -14 -13 -12 
-11 -10 -9 -8 -7 -6 -5 -4 -3 
-2 -1 0 1 2 3 4 5 6 
7 8 9 10 11 12 13 14 15 
16 17 18 19 20 21 22 23 24 
25 26 27 28 29 30 31 32 33 
34 35 36 37 38 39 40 41 42 
43 44 45 46 47 48 -63 -62 -61 
-60 -59 -58 -57 -56 -55 -54 -53 -52 
-51 -50 -49 -48 -47 -46 -45 -44 -43 
-42 -41 -40 -39 -38 -37 -36 -35 -34 
-33 -32 -31 -30 -29 -28 -27 -26 -25 
-24 -23 -22 -21 -20 -19 -18 -17 -16 
-15 -14 -13 -12 -11 -10 -9 -8 -7 
-6 -5 -4 -3 -2 -1 0 1 2 
3 4 5 6 7 8 9 10 11 
12 13 14 15 16 17 18 19 20 
21 22 23 24 25 26 27 28 29 
30 31 32 33 34 35 36 37 38 
39 40 41 42 43 44 45 46 47 
48 49 50 51 52 53 54 55 56 
57 58 59 60 61 62 63 64 65 
66 -40 -39 -38 -37 -36 -35 -34 -33 
-32 -31 -30 -29 -28 -27 -26 -25 -24 
-23 -22 -21 -20 -19 -18 -17 -16 -15 
-14 -13 -12 -11 -10 -9 -8 -7 -6 
-5 -4 -3 -2 -1 0 1 2 3 
4 5 6 7 8 9 10 11 12 
13 14 15 16 17 18 19 20 21 
22 23 24 25 26 27 28 29 30 
31 32 33 34 35 36 37 38 39 
-48 -47 -46 -45 -44 -43 -42 -41 -40 
-39 -38 -37 -36 -35 -34 -33 -32 -31 
-30 -29 -28 -27 -26 -25 -24 -23 -22 
-21 -20 -19 -18 -17 -16 -15 -14 -13 
-12 -11 -10 -9 -8 -7 -6 -5 -4 
-3 -2 -1 0 1 2 3 4 5 
6 7 8 9 10 11 12 13 14 
15 16 17 18 19 20 21 22 23 
24 25 26 27 28 29 30 31 32 
33 34 35 36 37 38 39 40 41 
42 43 44 45 46 47 48 -50 -49 
-48 -47 -46 -45 -44 -43 -42 -41 -40 
-39 -38 -37 -36 -35 -34 -33 -32 -31 
-30 -29 -28 -27 -26 -25 -24 -23 -22 
-21 -20 -19 -18 -17 -16 -15 -14 -13 
-12 -11 -10 -9 -8 -7 -6 -5 -4 
-3 -2 -1 0 1 2 3 4 5 
6 7 8 9 10 11 12 13 14 
15 16 17 18 19 20 21 22 23 
24 25 26 27 28 29 30 31 32 
33 34 35 36 37 38 39 40 41 
42 43 44 45 46 47 48 -48 -47 
-46 -45 -44 -43 -42 -41 -40 -39 -38 
-37 -36 -35 -34 -33 -32 -31 -30 -29 
-28 -27 -26 -25 -24 -23 -22 -21 -20 
-19 -18 -17 -16 -15 -14 -13 -12 -11 
-10 -9 -8 -7 -6 -5 -4 -3 -2 
-1 0 1 2 3 4 5 6 7 
8 9 10 11 12 13 14 15 16 
17 18 19 20 21 22 23 24 25 
26 27 28 29 30 31 32 33 34 
35 36 37 38 39 40 41 42 43 
44 45 46 -49 -48 -47 -46 -45 -44 
-43 -42 -41 -40 -39 -38 -37 -36 -35 
-34 -33 -32 -31 -30 -29 -28 -27 -26 
-25 -24 -23 -22 -21 -20 -19 -18 -17 
-16 -15 -14 -13 -12 -11 -10 -9 -8 
-7 -6 -5 -4 -3 -2 -1 0 1 
2 3 4 5 6 7 8 9 10 
11 12 13 14 15 16 17 18 19 
20 21 22 23 24 25 26 27 28 
29 30 31 32 33 34 35 36 37 
38 39 40 41 42 43 44 45 46 
47 48 49 -43 -42 -41 -40 -39 -38 
-37 -36 -35 -34 -33 -32 -31 -30 -29 
-28 -27 -26 -25 -24 -23 -22 -21 -20 
-19 -18 -17 -16 -15 -14 -13 -12 -11 
-10 -9 -8 -7 -6 -5 -4 -3 -2 
-1 0 1 2 3 4 5 6 7 
8 9 10 11 12 13 14 15 16 
17 18 19 20 21 22 23 24 25 
26 27 28 29 30 31 32 33 34 
35 36 37 38 39 40 41 42 43 
44 45 46 47 48 49 -50 -49 -48 
-47 -46 -45 -44 -43 -42 -41 -40 -39 
-38 -37 -36 -35 -34 -33 -32 -31 -30 
-29 -28 -27 -26 -25 -24 -23 -22 -21 
-20 -19 -18 -17 -16 -15 -14 -13 -12 
-11 -10 -9 -8 -7 -6 -5 -4 -3 
-2 -1 0 1 2 3 4 5 6 
7 8 9 10 11 12 13 14 15 
16 17 18 19 20 21 22 23 24 
25 26 27 28 29 30 31 32 33 
34 35 36 37 38 39 40 41 42 
43 44 45 46 -45 -44 -43 -42 -41 
-40 -39 -38 -37 -36 -35 -34 -33 -32 
-31 -30 -29 -28 -27 -26 -25 -24 -23 
-22 -21 -20 -19 -18 -17 -16 -15 -14 
-13 -12 -11 -10 -9 -8 -7 -6 -5 
-4 -3 -2 -1 0 1 2 3 4 
5 6 7 8 9 10 11 12 13 
14 15 16 17 18 19 20 21 22 
23 24 25 26 27 28 29 30 31 
32 33 34 35 36 37 38 39 40 
41 42 43 44 45 -48 -47 -46 -45 
-44 -43 -42 -41 -40 -39 -38 -37 -36 
-35 -34 -33 -32 -31 -30 -29 -28 -27 
-26 -25 -24 -23 -22 -21 -20 -19 -18 
-17 -16 -15 -14 -13 -12 -11 -10 -9 
-8 -7 -6 -5 -4 -3 -2 -1 0 
1 2 3 4 5 6 7 8 9 
10 11 12 13 14 15 16 17 18 
19 20 21 22 23 24 25 26 27 
28 29 30 31 32 33 34 35 36 
37 38 39 40 41 42 43 44 45 
46 47 -44 -43 -42 -41 -40 -39 -38 
-37 -36 -35 -34 -33 -32 -31 -30 -29 
-28 -27 -26 -25 -24 -23 -22 -21 -20 
-19 -18 -17 -16 -15 -14 -13 -12 -11 
-10 -9 -8 -7 -6 -5 -4 -3 -2 
-1 0 1 2 3 4 5 6 7 
8 9 10 11 12 13 14 15 16 
17 18 19 20 21 22 23 24 25 
26 27 28 29 30 31 32 33 34 
35 36 37 38 39 40 41 42 43 
44 -29 -28 -27 -26 -25 -24 -23 -22 
-21 -20 -19 -18 -17 -16 -15 -14 -13 
-12 -11 -10 -9 -8 -7 -6 -5 -4 
-3 -2 -1 0 1 2 3 4 5 
6 7 8 9 10 11 12 13 14 
15 16 17 18 19 20 21 22 23 
24 25 26 27 28 29 -26 -25 -24 
-23 -22 -21 -20 -19 -18 -17 -16 -15 
-14 -13 -12 -11 -10 -9 -8 -7 -6 
-5 -4 -3 -2 -1 0 1 2 3 
4 5 6 7 8 9 10 11 12 
13 14 15 16 17 18 19 20 21 
22 23 24 25 26 -32 -31 -30 -29 
-28 -27 -26 -25 -24 -23 -22 -21 -20 
-19 -18 -17 -16 -15 -14 -13 -12 -11 
-10 -9 -8 -7 -6 -5 -4 -3 -2 
-1 0 1 2 3 4 5 6 7 
8 9 10 11 12 13 14 15 16 
17 18 19 20 21 22 23 24 25 
26 27 28 29 30 31 32 33 -22 
-21 -20 -19 -18 -17 -16 -15 -14 -13 
-12 -11 -10 -9 -8 -7 -6 -5 -4 
-3 -2 -1 0 1 2 3 4 5 
6 7 8 9 10 11 12 13 14 
15 16 17 18 19 -27 -26 -25 -24 
-23 -22 -21 -20 -19 -18 -17 -16 -15 
-14 -13 -12 -11 -10 -9 -8 -7 -6 
-5 -4 -3 -2 -1 0 1 2 3 
4 5 6 7 8 9 10 11 12 
13 14 15 16 17 18 19 20 21 
22 23 24 25 26 27 28 -30 -29 
-28 -27 -26 -25 -24 -23 -22 -21 -20 
-19 -18 -17 -16 -15 -14 -13 -12 -11 
-10 -9 -8 -7 -6 -5 -4 -3 -2 
-1 0 1 2 3 4 5 6 7 
8 9 10 11 12 13 14 15 16 
17 18 19 20 21 22 23 24 25 
26 27 28 29 30 -31 -30 -29 -28 
-27 -26 -25 -24 -23 -22 -21 -20 -19 
-18 -17 -16 -15 -14 -13 -12 -11 -10 
-9 -8 -7 -6 -5 -4 -3 -2 -1 
0 1 2 3 4 5 6 7 8 
9 10 11 12 13 14 15 16 17 
18 19 20 21 22 23 24 25 26 
27 28 29 30 31 32 33 -18 -17 
-16 -15 -14 -13 -12 -11 -10 -9 -8 
-7 -6 -5 -4 -3 -2 -1 0 1 
2 3 4 5 6 7 8 9 10 
11 12 13 14 15 16 -37 -36 -35 
-34 -33 -32 -31 -30 -29 -28 -27 -26 
-25 -24 -23 -22 -21 -20 -19 -18 -17 
-16 -15 -14 -13 -12 -11 -10 -9 -8 
-7 -6 -5 -4 -3 -2 -1 0 1 
2 3 4 5 6 7 8 9 10 
11 12 13 14 15 16 17 18 19 
20 21 22 23 24 25 26 27 28 
29 30 31 32 33 34 35 36 37 
-35 -34 -33 -32 -31 -30 -29 -28 -27 
-26 -25 -24 -23 -22 -21 -20 -19 -18 
-17 -16 -15 -14 -13 -12 -11 -10 -9 
-8 -7 -6 -5 -4 -3 -2 -1 0 
1 2 3 4 5 6 7 8 9 
10 11 12 13 14 15 16 17 18 
19 20 21 22 23 24 25 26 27 
28 29 30 31 32 33 34 35 -22 
-21 -20 -19 -18 -17 -16 -15 -14 -13 
-12 -11 -10 -9 -8 -7 -6 -5 -4 
-3 -2 -1 0 1 2 3 4 5 
6 7 8 9 10 11 12 13 14 
15 16 17 18 19 20 21 22 23 
24 25 26 -22 -21 -20 -19 -18 -17 
-16 -15 -14 -13 -12 -11 -10 -9 -8 
-7 -6 -5 -4 -3 -2 -1 0 1 
2 3 4 5 6 7 8 9 10 
11 12 13 14 15 16 17 18 19 
20 21 22 23 24 25 26 27 -49 
-48 -47 -46 -45 -44 -43 -42 -41 -40 
-39 -38 -37 -36 -35 -34 -33 -32 -31 
-30 -29 -28 -27 -26 -25 -24 -23 -22 
-21 -20 -19 -18 -17 -16 -15 -14 -13 
-12 -11 -10 -9 -8 -7 -6 -5 -4 
-3 -2 -1 0 1 2 3 4 5 
6 7 8 9 10 11 12 13 14 
15 16 17 18 19 20 21 22 23 
24 25 26 27 28 29 30 31 32 
33 34 35 36 37 38 39 40 41 
42 43 44 45 46 47 48 49 50 
51 52 53 54 55 -47 -46 -45 -44 
-43 -42 -41 -40 -39 -38 -37 -36 -35 
-34 -33 -32 -31 -30 -29 -28 -27 -26 
-25 -24 -23 -22 -21 -20 -19 -18 -17 
-16 -15 -14 -13 -12 -11 -10 -9 -8 
-7 -6 -5 -4 -3 -2 -1 0 1 
2 3 4 5 6 7 8 9 10 
11 12 13 14 15 16 17 18 19 
20 21 22 23 24 25 26 27 28 
29 30 31 32 33 34 35 36 37 
38 39 40 41 42 43 44 45 46 
47 48 -37 -36 -35 -34 -33 -32 -31 
-30 -29 -28 -27 -26 -25 -24 -23 -22 
-21 -20 -19 -18 -17 -16 -15 -14 -13 
-12 -11 -10 -9 -8 -7 -6 -5 -4 
-3 -2 -1 0 1 2 3 4 5 
6 7 8 9 10 11 12 13 14 
15 16 17 18 19 20 21 22 23 
24 25 26 27 28 29 30 31 32 
33 34 35 36 -36 -35 -34 -33 -32 
-31 -30 -29 -28 -27 -26 -25 -24 -23 
-22 -21 -20 -19 -18 -17 -16 -15 -14 
-13 -12 -11 -10 -9 -8 -7 -6 -5 
-4 -3 -2 -1 0 1 2 3 4 
5 6 7 8 9 10 11 12 13 
14 15 16 17 18 19 20 21 22 
23 24 25 26 27 28 29 30 31 
-49 -48 -47 -46 -45 -44 -43 -42 -41 
-40 -39 -38 -37 -36 -35 -34 -33 -32 
-31 -30 -29 -28 -27 -26 -25 -24 -23 
-22 -21 -20 -19 -18 -17 -16 -15 -14 
-13 -12 -11 -10 -9 -8 -7 -6 -5 
-4 -3 -2 -1 0 1 2 3 4 
5 6 7 8 9 10 11 12 13 
14 15 16 17 18 19 20 21 22 
23 24 25 26 27 28 29 30 31 
32 33 34 35 36 37 38 39 40 
41 42 43 44 45 46 47 48 49 
-44 -43 -42 -41 -40 -39 -38 -37 -36 
-35 -34 -33 -32 -31 -30 -29 -28 -27 
-26 -25 -24 -23 -22 -21 -20 -19 -18 
-17 -16 -15 -14 -13 -12 -11 -10 -9 
-8 -7 -6 -5 -4 -3 -2 -1 0 
1 2 3 4 5 6 7 8 9 
10 11 12 13 14 15 16 17 18 
19 20 21 22 23 24 25 26 27 
28 29 30 31 32 33 34 35 36 
37 38 39 40 41 42 43 44 45 
46 47 48 -38 -37 -36 -35 -34 -33 
-32 -31 -30 -29 -28 -27 -26 -25 -24 
-23 -22 -21 -20 -19 -18 -17 -16 -15 
-14 -13 -12 -11 -10 -9 -8 -7 -6 
-5 -4 -3 -2 -1 0 1 2 3 
4 5 6 7 8 9 10 11 12 
13 14 15 16 17 18 19 20 21 
22 23 24 25 26 27 28 29 30 
31 32 33 34 35 36 37 38 39 
40 41 42 43 -38 -37 -36 -35 -34 
-33 -32 -31 -30 -29 -28 -27 -26 -25 
-24 -23 -22 -21 -20 -19 -18 -17 -16 
-15 -14 -13 -12 -11 -10 -9 -8 -7 
-6 -5 -4 -3 -2 -1 0 1 2 
3 4 5 6 7 8 9 10 11 
12 13 14 15 16 17 18 19 20 
21 22 23 24 25 26 27 28 29 
30 31 32 33 34 35 36 37 38 
39 -42 -41 -40 -39 -38 -37 -36 -35 
-34 -33 -32 -31 -30 -29 -28 -27 -26 
-25 -24 -23 -22 -21 -20 -19 -18 -17 
-16 -15 -14 -13 -12 -11 -10 -9 -8 
-7 -6 -5 -4 -3 -2 -1 0 1 
2 3 4 5 6 7 8 9 10 
11 12 13 14 15 16 17 18 19 
20 21 22 23 24 25 26 27 28 
29 30 31 32 33 34 35 36 37 
38 39 40 41 42 43 44 -33 -32 
-31 -30 -29 -28 -27 -26 -25 -24 -23 
-22 -21 -20 -19 -18 -17 -16 -15 -14 
-13 -12 -11 -10 -9 -8 -7 -6 -5 
-4 -3 -2 -1 0 1 2 3 4 
5 6 7 8 9 10 11 12 13 
14 15 16 17 18 19 20 21 22 
23 24 25 26 27 28 29 30 31 
32 -33 -32 -31 -30 -29 -28 -27 -26 
-25 -24 -23 -22 -21 -20 -19 -18 -17 
-16 -15 -14 -13 -12 -11 -10 -9 -8 
-7 -6 -5 -4 -3 -2 -1 0 1 
2 3 4 5 6 7 8 9 10 
11 12 13 14 15 16 17 18 19 
20 21 22 23 24 25 26 27 28 
29 30 -20 -19 -18 -17 -16 -15 -14 
-13 -12 -11 -10 -9 -8 -7 -6 -5 
-4 -3 -2 -1 0 1 2 3 4 
5 6 7 8 9 10 11 12 13 
14 15 16 17 18 19 20 21 22 
23 24 25 26 27 28 29 -25 -24 
-23 -22 -21 -20 -19 -18 -17 -16 -15 
-14 -13 -12 -11 -10 -9 -8 -7 -6 
-5 -4 -3 -2 -1 0 1 2 3 
4 5 6 7 8 9 10 11 12 
13 14 15 16 17 18 19 20 21 
22 -53 -52 -51 -50 -49 -48 -47 -46 
-45 -44 -43 -42 -41 -40 -39 -38 -37 
-36 -35 -34 -33 -32 -31 -30 -29 -28 
-27 -26 -25 -24 -23 -22 -21 -20 -19 
-18 -17 -16 -15 -14 -13 -12 -11 -10 
-9 -8 -7 -6 -5 -4 -3 -2 -1 
0 1 2 3 4 5 6 7 8 
9 10 11 12 13 14 15 16 17 
18 19 20 21 22 23 24 25 26 
27 28 29 30 31 32 33 34 35 
36 37 38 39 40 41 42 43 44 
45 46 47 48 49 50 51 52 53 
54 55 56 57 58 59 60 61 62 
63 64 65 66 67 68 69 70 71 
72 -53 -52 -51 -50 -49 -48 -47 -46 
-45 -44 -43 -42 -41 -40 -39 -38 -37 
-36 -35 -34 -33 -32 -31 -30 -29 -28 
-27 -26 -25 -24 -23 -22 -21 -20 -19 
-18 -17 -16 -15 -14 -13 -12 -11 -10 
-9 -8 -7 -6 -5 -4 -3 -2 -1 
0 1 2 3 4 5 6 7 8 
9 10 11 12 13 14 15 16 17 
18 19 20 21 22 23 24 25 26 
27 28 29 30 31 32 33 34 35 
36 37 38 39 40 41 42 43 44 
45 46 47 48 49 50 51 52 53 
54 55 56 57 58 59 60 61 62 
-29 -28 -27 -26 -25 -24 -23 -22 -21 
-20 -19 -18 -17 -16 -15 -14 -13 -12 
-11 -10 -9 -8 -7 -6 -5 -4 -3 
-2 -1 0 1 2 3 4 5 6 
7 8 9 10 11 12 13 14 15 
16 17 18 19 20 21 22 23 24 
25 26 27 28 29 30 -25 -24 -23 
-22 -21 -20 -19 -18 -17 -16 -15 -14 
-13 -12 -11 -10 -9 -8 -7 -6 -5 
-4 -3 -2 -1 0 1 2 3 4 
5 6 7 8 9 10 11 12 13 
14 15 16 17 18 19 20 21 22 
23 24 25 26 27 28 -46 -45 -44 
-43 -42 -41 -40 -39 -38 -37 -36 -35 
-34 -33 -32 -31 -30 -29 -28 -27 -26 
-25 -24 -23 -22 -21 -20 -19 -18 -17 
-16 -15 -14 -13 -12 -11 -10 -9 -8 
-7 -6 -5 -4 -3 -2 -1 0 1 
2 3 4 5 6 7 8 9 10 
11 12 13 14 15 16 17 18 19 
20 21 22 23 24 25 26 27 28 
29 30 31 32 33 34 35 36 37 
38 39 40 41 42 43 44 45 46 
47 -52 -51 -50 -49 -48 -47 -46 -45 
-44 -43 -42 -41 -40 -39 -38 -37 -36 
-35 -34 -33 -32 -31 -30 -29 -28 -27 
-26 -25 -24 -23 -22 -21 -20 -19 -18 
-17 -16 -15 -14 -13 -12 -11 -10 -9 
-8 -7 -6 -5 -4 -3 -2 -1 0 
1 2 3 4 5 6 7 8 9 
10 11 12 13 14 15 16 17 18 
19 20 21 22 23 24 25 26 27 
28 29 30 31 32 33 34 35 36 
37 38 39 40 41 42 43 44 -32 
-31 -30 -29 -28 -27 -26 -25 -24 -23 
-22 -21 -20 -19 -18 -17 -16 -15 -14 
-13 -12 -11 -10 -9 -8 -7 -6 -5 
-4 -3 -2 -1 0 1 2 3 4 
5 6 7 8 9 10 11 12 13 
14 15 16 17 18 19 20 21 22 
23 24 25 26 27 28 29 30 31 
32 33 34 -32 -31 -30 -29 -28 -27 
-26 -25 -24 -23 -22 -21 -20 -19 -18 
-17 -16 -15 -14 -13 -12 -11 -10 -9 
-8 -7 -6 -5 -4 -3 -2 -1 0 
1 2 3 4 5 6 7 8 9 
10 11 12 13 14 15 16 17 18 
19 20 21 22 23 24 25 26 27 
28 29 30 31 32 33 34 -28 -27 
-26 -25 -24 -23 -22 -21 -20 -19 -18 
-17 -16 -15 -14 -13 -12 -11 -10 -9 
-8 -7 -6 -5 -4 -3 -2 -1 0 
1 2 3 4 5 6 7 8 9 
10 11 12 13 14 15 16 17 18 
19 20 21 22 23 24 25 26 27 
28 29 30 -37 -36 -35 -34 -33 -32 
-31 -30 -29 -28 -27 -26 -25 -24 -23 
-22 -21 -20 -19 -18 -17 -16 -15 -14 
-13 -12 -11 -10 -9 -8 -7 -6 -5 
-4 -3 -2 -1 0 1 2 3 4 
5 6 7 8 9 10 11 12 13 
14 15 16 17 18 19 20 21 22 
23 24 25 26 27 28 29 30 31 
32 33 34 35 36 
FIELD FieldData 1
FiberLabel 1 5054 int
0 0 0 0 0 0 0 0 0 
0 0 0 0 0 0 0 0 0 
0 0 0 0 0 0 0 0 0 
0 0 0 0 0 0 0 0 0 
0 0 0 0 0 0 0 0 0 
0 0 0 0 0 0 0 0 0 
0 0 0 0 1 1 1 1 1 
1 1 1 1 1 1 1 1 1 
1 1 1 1 1 1 1 1 1 
1 1 1 1 1 1 1 1 1 
1 1 1 1 1 1 1 1 1 
1 1 1 1 1 1 1 1 1 
1 1 1 1 1 1 1 1 1 
1 1 1 1 1 1 1 1 1 
1 1 1 1 1 1 1 1 1 
1 1 1 1 1 1 1 1 1 
1 1 1 1 1 1 1 1 1 
1 1 1 2 2 2 2 2 2 
2 2 2 2 2 2 2 2 2 
2 2 2 2 2 2 2 2 2 
2 2 2 2 2 2 2 2 2 
2 2 2 2 2 2 2 2 2 
2 2 2 2 2 2 2 2 2 
2 2 2 2 2 2 2 2 2 
2 2 2 2 2 2 2 2 2 
2 2 2 2 2 2 2 2 2 
2 2 2 3 3 3 3 3 3 
3 3 3 3 3 3 3 3 3 
3 3 3 3 3 3 3 3 3 
3 3 3 3 3 3 3 3 3 
3 3 3 3 3 3 3 3 3 
3 3 3 3 3 3 3 3 3 
3 3 3 3 3 3 3 3 3 
3 3 3 3 3 3 3 3 4 
4 4 4 4 4 4 4 4 4 
4 4 4 4 4 4 4 4 4 
4 4 4 4 4 4 4 4 4 
4 4 4 4 4 4 4 4 4 
5 5 5 5 5 5 5 5 5 
5 5 5 5 5 5 5 5 5 
5 5 5 5 5 5 5 5 5 
5 5 5 5 5 5 5 5 5 
5 5 5 5 5 5 5 5 5 
5 5 5 5 5 5 5 5 5 
5 5 5 5 5 5 5 5 5 
5 5 5 5 5 5 5 5 5 
5 5 5 5 5 6 6 6 6 
6 6 6 6 6 6 6 6 6 
6 6 6 6 6 6 6 6 6 
6 6 6 6 6 6 6 6 6 
6 6 6 6 6 6 6 6 6 
6 6 6 6 6 6 6 6 6 
6 6 6 6 6 6 6 6 6 
6 6 6 6 6 6 6 6 6 
6 6 6 6 6 7 7 7 7 
7 7 7 7 7 7 7 7 7 
7 7 7 7 7 7 7 7 7 
7 7 7 7 7 7 7 7 7 
7 7 7 7 7 7 8 8 8 
8 8 8 8 8 8 8 8 8 
8 8 8 8 8 8 8 8 8 
8 8 8 8 8 8 8 8 8 
8 8 8 8 8 8 8 8 8 
8 8 8 8 8 8 8 8 8 
8 8 8 8 8 8 8 8 8 
8 8 8 8 8 8 8 8 8 
8 8 8 8 8 8 8 8 8 
8 8 8 8 8 8 8 8 8 
8 8 8 8 8 8 9 9 9 
9 9 9 9 9 9 9 9 9 
9 9 9 9 9 9 9 9 9 
9 9 9 9 9 9 9 9 9 
9 9 9 9 9 9 9 9 9 
9 9 9 9 9 9 9 9 9 
9 9 9 9 9 9 9 9 9 
9 9 9 9 9 9 9 9 9 
9 9 9 9 9 9 9 9 9 
9 9 9 9 9 9 9 9 9 
9 9 9 9 10 10 10 10 10 
10 10 10 10 10 10 10 10 10 
10 10 10 10 10 10 10 10 10 
10 10 10 10 10 10 10 10 10 
10 10 10 10 10 10 10 10 10 
10 10 10 10 10 10 10 10 10 
10 10 10 10 10 10 10 10 10 
10 10 10 10 10 10 10 11 11 
11 11 11 11 11 11 11 11 11 
11 11 11 11 11 11 11 11 11 
11 11 11 11 11 11 11 11 11 
11 11 11 11 11 11 11 11 11 
11 11 11 11 11 11 11 11 11 
11 11 11 11 11 11 11 11 11 
11 11 11 11 11 11 11 11 11 
11 11 12 12 12 12 12 12 12 
12 12 12 12 12 12 12 12 12 
12 12 12 12 12 12 12 12 12 
12 12 12 12 12 12 12 12 12 
12 12 12 12 12 12 12 12 12 
12 12 12 12 12 12 12 12 12 
12 12 12 12 12 12 12 12 12 
12 12 12 12 12 12 12 12 12 
12 12 12 12 12 12 12 12 12 
12 12 12 12 12 12 12 12 12 
12 12 12 12 13 13 13 13 13 
13 13 13 13 13 13 13 13 13 
13 13 13 13 13 13 13 13 13 
13 13 13 13 13 13 13 13 13 
13 13 13 13 13 13 13 13 13 
13 13 13 13 13 13 13 13 13 
13 13 13 13 13 13 13 13 13 
13 13 13 13 13 13 13 13 13 
13 13 13 13 13 13 13 13 13 
13 13 13 13 13 13 13 13 13 
13 13 13 13 13 13 13 14 14 
14 14 14 14 14 14 14 14 14 
14 14 14 14 14 14 14 14 14 
14 14 14 14 14 14 14 14 14 
14 14 14 14 14 14 14 14 14 
14 14 14 14 14 14 14 14 14 
14 14 14 14 14 14 14 14 14 
14 14 14 14 14 14 14 14 15 
15 15 15 15 15 15 15 15 15 
15 15 15 15 15 15 15 15 15 
15 15 15 15 15 15 15 15 15 
15 15 15 15 15 15 15 15 15 
15 15 15 15 15 15 15 15 15 
15 15 15 15 15 15 15 15 15 
15 15 15 15 15 15 15 15 15 
15 15 15 16 16 16 16 16 16 
16 16 16 16 16 16 16 16 16 
16 16 16 16 16 16 16 16 16 
16 16 16 16 16 16 16 16 16 
16 16 16 16 16 16 16 16 16 
16 16 16 16 16 16 16 16 16 
16 16 16 16 16 16 16 16 16 
16 16 16 16 16 16 16 16 16 
16 16 16 17 17 17 17 17 17 
17 17 17 17 17 17 17 17 17 
17 17 17 17 17 17 17 17 17 
17 17 17 17 17 17 17 17 17 
17 17 17 17 17 17 17 17 17 
17 17 17 17 17 17 17 17 17 
17 17 17 17 17 17 17 17 17 
17 17 17 17 17 17 17 17 17 
17 17 17 17 17 17 17 17 17 
17 17 18 18 18 18 18 18 18 
18 18 18 18 18 18 18 18 18 
18 18 18 18 18 18 18 18 18 
18 18 18 18 18 18 18 18 18 
18 18 18 18 18 18 18 18 18 
18 18 18 18 18 18 18 18 18 
18 18 18 18 18 18 18 18 18 
18 18 18 18 18 18 18 18 18 
18 18 18 18 18 18 19 19 19 
19 19 19 19 19 19 19 19 19 
19 19 19 19 19 19 19 19 19 
19 19 19 19 19 19 19 19 19 
19 19 19 19 19 19 19 19 19 
19 19 19 19 19 19 19 19 19 
19 19 19 19 19 19 19 19 19 
19 19 19 19 19 19 19 19 19 
19 19 19 19 19 19 19 19 19 
19 19 19 19 19 19 19 19 19 
19 19 19 19 19 19 19 19 19 
19 19 19 19 19 19 20 20 20 
20 20 20 20 20 20 20 20 20 
20 20 20 20 20 20 20 20 20 
20 20 20 20 20 20 20 20 20 
20 20 20 20 20 20 20 20 20 
20 20 20 20 20 20 20 20 20 
20 20 20 20 20 20 20 20 20 
20 20 20 20 20 20 20 20 20 
20 20 20 20 20 20 20 20 20 
20 20 20 20 20 20 20 20 20 
20 20 20 20 20 20 20 20 20 
20 20 20 20 20 20 20 20 20 
20 20 20 20 20 20 20 20 20 
20 20 20 20 20 20 20 20 20 
20 20 20 20 20 20 20 20 20 
20 21 21 21 21 21 21 21 21 
21 21 21 21 21 21 21 21 21 
21 21 21 21 21 21 21 21 21 
21 21 21 21 21 21 21 21 21 
21 21 21 21 21 21 21 21 21 
21 21 21 21 21 21 21 21 21 
21 21 21 21 21 21 21 21 21 
21 21 21 21 21 21 21 21 21 
21 21 21 21 21 21 21 21 21 
22 22 22 22 22 22 22 22 22 
22 22 22 22 22 22 22 22 22 
22 22 22 22 22 22 22 22 22 
22 22 22 22 22 22 22 22 22 
22 22 22 22 22 22 22 22 22 
22 22 22 22 22 22 22 22 22 
22 22 22 22 22 22 22 22 22 
22 22 22 22 22 22 22 22 22 
22 22 22 22 22 22 22 22 22 
22 22 22 22 22 22 22 22 22 
22 22 22 22 22 22 22 23 23 
23 23 23 23 23 23 23 23 23 
23 23 23 23 23 23 23 23 23 
23 23 23 23 23 23 23 23 23 
23 23 23 23 23 23 23 23 23 
23 23 23 23 23 23 23 23 23 
23 23 23 23 23 23 23 23 23 
23 23 23 23 23 23 23 23 23 
23 23 23 23 23 23 23 23 23 
23 23 23 23 23 23 23 23 23 
23 23 23 23 23 23 23 23 23 
23 23 23 23 23 23 23 24 24 
24 24 24 24 24 24 24 24 24 
24 24 24 24 24 24 24 24 24 
24 24 24 24 24 24 24 24 24 
24 24 24 24 24 24 24 24 24 
24 24 24 24 24 24 24 24 24 
24 24 24 24 24 24 24 24 24 
24 24 24 24 24 24 24 24 24 
24 24 24 24 24 24 24 24 24 
24 24 24 24 24 24 24 24 24 
24 24 24 24 24 24 24 24 24 
24 24 24 25 25 25 25 25 25 
25 25 25 25 25 25 25 25 25 
25 25 25 25 25 25 25 25 25 
25 25 25 25 25 25 25 25 25 
25 25 25 25 25 25 25 25 25 
25 25 25 25 25 25 25 25 25 
25 25 25 25 25 25 25 25 25 
25 25 25 25 25 25 25 25 25 
25 25 25 25 25 25 25 25 25 
25 25 25 25 25 25 25 25 25 
25 25 25 25 25 25 25 25 25 
25 25 25 26 26 26 26 26 26 
26 26 26 26 26 26 26 26 26 
26 26 26 26 26 26 26 26 26 
26 26 26 26 26 26 26 26 26 
26 26 26 26 26 26 26 26 26 
26 26 26 26 26 26 26 26 26 
26 26 26 26 26 26 26 26 26 
26 26 26 26 26 26 26 26 26 
26 26 26 26 26 26 26 26 26 
26 26 26 26 26 26 26 26 26 
26 26 26 26 26 26 27 27 27 
27 27 27 27 27 27 27 27 27 
27 27 27 27 27 27 27 27 27 
27 27 27 27 27 27 27 27 27 
27 27 27 27 27 27 27 27 27 
27 27 27 27 27 27 27 27 27 
27 27 27 27 27 27 27 27 27 
27 27 27 27 27 27 27 27 27 
27 27 27 27 27 27 27 27 27 
27 27 27 27 27 27 27 27 27 
27 27 27 27 27 27 27 27 27 
27 27 27 27 28 28 28 28 28 
28 28 28 28 28 28 28 28 28 
28 28 28 28 28 28 28 28 28 
28 28 28 28 28 28 28 28 28 
28 28 28 28 28 28 28 28 28 
28 28 28 28 28 28 28 28 28 
28 28 28 28 28 28 28 28 28 
28 28 28 28 28 28 28 28 28 
28 28 28 28 28 28 28 28 28 
28 28 28 28 28 28 28 28 28 
28 28 28 28 28 29 29 29 29 
29 29 29 29 29 29 29 29 29 
29 29 29 29 29 29 29 29 29 
29 29 29 29 29 29 29 29 29 
29 29 29 29 29 29 29 29 29 
29 29 29 29 29 29 29 29 29 
29 29 29 29 29 29 29 29 29 
29 29 29 29 29 29 29 29 29 
29 29 29 29 29 29 29 29 29 
29 29 29 29 29 29 29 29 29 
29 29 29 29 29 29 29 29 29 
29 29 30 30 30 30 30 30 30 
30 30 30 30 30 30 30 30 30 
30 30 30 30 30 30 30 30 30 
30 30 30 30 30 30 30 30 30 
30 30 30 30 30 30 30 30 30 
30 30 30 30 30 30 30 30 30 
30 30 30 30 30 30 30 30 30 
30 30 30 30 30 30 30 30 30 
30 30 30 30 30 30 30 30 30 
30 30 30 30 30 30 30 30 30 
30 31 31 31 31 31 31 31 31 
31 31 31 31 31 31 31 31 31 
31 31 31 31 31 31 31 31 31 
31 31 31 31 31 31 31 31 31 
31 31 31 31 31 31 31 31 31 
31 31 31 31 31 31 31 31 31 
31 31 31 31 31 31 32 32 32 
32 32 32 32 32 32 32 32 32 
32 32 32 32 32 32 32 32 32 
32 32 32 32 32 32 32 32 32 
32 32 32 32 32 32 32 32 32 
32 32 32 32 32 32 32 32 32 
32 32 32 32 32 33 33 33 33 
33 33 33 33 33 33 33 33 33 
33 33 33 33 33 33 33 33 33 
33 33 33 33 33 33 33 33 33 
33 33 33 33 33 33 33 33 33 
33 33 33 33 33 33 33 33 33 
33 33 33 33 33 33 33 33 33 
33 33 33 33 33 33 33 33 34 
34 34 34 34 34 34 34 34 34 
34 34 34 34 34 34 34 34 34 
34 34 34 34 34 34 34 34 34 
34 34 34 34 34 34 34 34 34 
34 34 34 34 34 35 35 35 35 
35 35 35 35 35 35 35 35 35 
35 35 35 35 35 35 35 35 35 
35 35 35 35 35 35 35 35 35 
35 35 35 35 35 35 35 35 35 
35 35 35 35 35 35 35 35 35 
35 35 35 35 35 35 35 36 36 
36 36 36 36 36 36 36 36 36 
36 36 36 36 36 36 36 36 36 
36 36 36 36 36 36 36 36 36 
36 36 36 36 36 36 36 36 36 
36 36 36 36 36 36 36 36 36 
36 36 36 36 36 36 36 36 36 
36 36 36 36 36 37 37 37 37 
37 37 37 37 37 37 37 37 37 
37 37 37 37 37 37 37 37 37 
37 37 37 37 37 37 37 37 37 
37 37 37 37 37 37 37 37 37 
37 37 37 37 37 37 37 37 37 
37 37 37 37 37 37 37 37 37 
37 37 37 37 37 37 37 38 38 
38 38 38 38 38 38 38 38 38 
38 38 38 38 38 38 38 38 38 
38 38 38 38 38 38 38 38 38 
38 38 38 38 38 38 39 39 39 
39 39 39 39 39 39 39 39 39 
39 39 39 39 39 39 39 39 39 
39 39 39 39 39 39 39 39 39 
39 39 39 39 39 39 39 39 39 
39 39 39 39 39 39 39 39 39 
39 39 39 39 39 39 39 39 39 
39 39 39 39 39 39 39 39 39 
39 39 39 39 39 39 39 39 39 
40 40 40 40 40 40 40 40 40 
40 40 40 40 40 40 40 40 40 
40 40 40 40 40 40 40 40 40 
40 40 40 40 40 40 40 40 40 
40 40 40 40 40 40 40 40 40 
40 40 40 40 40 40 40 40 40 
40 40 40 40 40 40 40 40 40 
40 40 40 40 40 40 40 40 41 
41 41 41 41 41 41 41 41 41 
41 41 41 41 41 41 41 41 41 
41 41 41 41 41 41 41 41 41 
41 41 41 41 41 41 41 41 41 
41 41 41 41 41 41 41 41 41 
41 41 41 42 42 42 42 42 42 
42 42 42 42 42 42 42 42 42 
42 42 42 42 42 42 42 42 42 
42 42 42 42 42 42 42 42 42 
42 42 42 42 42 42 42 42 42 
42 42 42 42 42 42 42 42 43 
43 43 43 43 43 43 43 43 43 
43 43 43 43 43 43 43 43 43 
43 43 43 43 43 43 43 43 43 
43 43 43 43 43 43 43 43 43 
43 43 43 43 43 43 43 43 43 
43 43 43 43 43 43 43 43 43 
43 43 43 43 43 43 43 43 43 
43 43 43 43 43 43 43 43 43 
43 43 43 43 43 43 43 43 43 
43 43 43 43 43 43 43 43 43 
43 43 43 43 43 43 43 43 43 
43 43 43 43 43 44 44 44 44 
44 44 44 44 44 44 44 44 44 
44 44 44 44 44 44 44 44 44 
44 44 44 44 44 44 44 44 44 
44 44 44 44 44 44 44 44 44 
44 44 44 44 44 44 44 44 44 
44 44 44 44 44 44 44 44 44 
44 44 44 44 44 44 44 44 44 
44 44 44 44 44 44 44 44 44 
44 44 44 44 44 44 44 44 44 
44 44 44 44 44 44 44 44 44 
44 44 45 45 45 45 45 45 45 
45 45 45 45 45 45 45 45 45 
45 45 45 45 45 45 45 45 45 
45 45 45 45 45 45 45 45 45 
45 45 45 45 45 45 45 45 45 
45 45 45 45 45 45 45 45 45 
45 45 45 45 45 45 45 45 45 
45 45 45 45 45 45 45 45 45 
45 45 45 45 46 46 46 46 46 
46 46 46 46 46 46 46 46 46 
46 46 46 46 46 46 46 46 46 
46 46 46 46 46 46 46 46 46 
46 46 46 46 46 46 46 46 46 
46 46 46 46 46 46 46 46 46 
46 46 46 46 46 46 46 46 46 
46 46 46 46 46 46 46 46 46 
47 47 47 47 47 47 47 47 47 
47 47 47 47 47 47 47 47 47 
47 47 47 47 47 47 47 47 47 
47 47 47 47 47 47 47 47 47 
47 47 47 47 47 47 47 47 47 
47 47 47 47 47 47 47 47 47 
47 47 47 47 47 47 47 47 47 
47 47 47 47 47 47 47 47 47 
47 47 47 47 47 47 47 47 47 
47 47 47 47 47 47 47 47 47 
47 47 47 47 47 47 47 47 47 
48 48 48 48 48 48 48 48 48 
48 48 48 48 48 48 48 48 48 
48 48 48 48 48 48 48 48 48 
48 48 48 48 48 48 48 48 48 
48 48 48 48 48 48 48 48 48 
48 48 48 48 48 48 48 48 48 
48 48 48 48 48 48 48 48 48 
48 48 48 48 48 48 48 48 48 
48 48 48 48 48 48 48 48 48 
48 48 48 48 48 48 48 48 48 
48 48 48 49 49 49 49 49 49 
49 49 49 49 49 49 49 49 49 
49 49 49 49 49 49 49 49 49 
49 49 49 49 49 49 49 49 49 
49 49 49 49 49 49 49 49 49 
49 49 49 49 49 49 49 49 49 
49 49 49 49 49 49 49 49 49 
49 49 49 49 49 49 49 49 49 
49 49 49 49 49 49 49 49 49 
49 49 49 49 50 50 50 50 50 
50 50 50 50 50 50 50 50 50 
50 50 50 50 50 50 50 50 50 
50 50 50 50 50 50 50 50 50 
50 50 50 50 50 50 50 50 50 
50 50 50 50 50 50 50 50 50 
50 50 50 50 50 50 50 50 50 
50 50 50 50 50 50 50 50 50 
50 50 50 50 50 50 50 50 50 
50 51 51 51 51 51 51 51 51 
51 51 51 51 51 51 51 51 51 
51 51 51 51 51 51 51 51 51 
51 51 51 51 51 51 51 51 51 
51 51 51 51 51 51 51 51 51 
51 51 51 51 51 51 51 51 51 
51 51 51 51 51 51 51 51 51 
51 51 51 51 51 51 51 51 51 
51 51 51 51 51 51 51 51 51 
51 51 51 51 51 51 51 52 52 
52 52 52 52 52 52 52 52 52 
52 52 52 52 52 52 52 52 52 
52 52 52 52 52 52 52 52 52 
52 52 52 52 52 52 52 52 52 
52 52 52 52 52 52 52 52 52 
52 52 52 52 52 52 52 52 52 
52 52 52 52 52 52 52 52 52 
52 53 53 53 53 53 53 53 53 
53 53 53 53 53 53 53 53 53 
53 53 53 53 53 53 53 53 53 
53 53 53 53 53 53 53 53 53 
53 53 53 53 53 53 53 53 53 
53 53 53 53 53 53 53 53 53 
53 53 53 53 53 53 53 53 53 
53 53 54 54 54 54 54 54 54 
54 54 54 54 54 54 54 54 54 
54 54 54 54 54 54 54 54 54 
54 54 54 54 54 54 54 54 54 
54 54 54 54 54 54 54 54 54 
54 54 54 54 54 54 54 55 55 
55 55 55 55 55 55 55 55 55 
55 55 55 55 55 55 55 55 55 
55 55 55 55 55 55 55 55 55 
55 55 55 55 55 55 55 55 55 
55 55 55 55 55 55 55 55 55 
55 56 56 56 56 56 56 56 56 
56 56 56 56 56 56 56 56 56 
56 56 56 56 56 56 56 56 56 
56 56 56 56 56 56 56 56 56 
56 56 56 56 56 56 56 56 56 
56 56 56 56 56 56 56 56 56 
56 56 56 56 56 56 56 56 56 
56 56 56 56 56 56 56 56 56 
56 56 56 56 56 56 56 56 56 
56 56 56 56 56 56 56 56 56 
56 56 56 56 56 56 56 56 56 
56 56 56 56 56 56 56 56 56 
56 56 56 56 56 56 56 56 56 
56 56 56 56 56 56 56 56 56 
56 57 57 57 57 57 57 57 57 
57 57 57 57 57 57 57 57 57 
57 57 57 57 57 57 57 57 57 
57 57 57 57 57 57 57 57 57 
57 57 57 57 57 57 57 57 57 
57 57 57 57 57 57 57 57 57 
57 57 57 57 57 57 57 57 57 
57 57 57 57 57 57 57 57 57 
57 57 57 57 57 57 57 57 57 
57 57 57 57 57 57 57 57 57 
57 57 57 57 57 57 57 57 57 
57 57 57 57 57 57 57 57 57 
57 57 57 57 57 57 57 57 57 
58 58 58 58 58 58 58 58 58 
58 58 58 58 58 58 58 58 58 
58 58 58 58 58 58 58 58 58 
58 58 58 58 58 58 58 58 58 
58 58 58 58 58 58 58 58 58 
58 58 58 58 58 58 58 58 58 
58 58 58 58 58 58 59 59 59 
59 59 59 59 59 59 59 59 59 
59 59 59 59 59 59 59 59 59 
59 59 59 59 59 59 59 59 59 
59 59 59 59 59 59 59 59 59 
59 59 59 59 59 59 59 59 59 
59 59 59 59 59 59 60 60 60 
60 60 60 60 60 60 60 60 60 
60 60 60 60 60 60 60 60 60 
60 60 60 60 60 60 60 60 60 
60 60 60 60 60 60 60 60 60 
60 60 60 60 60 60 60 60 60 
60 60 60 60 60 60 60 60 60 
60 60 60 60 60 60 60 60 60 
60 60 60 60 60 60 60 60 60 
60 60 60 60 60 60 60 60 60 
60 60 60 60 60 60 60 60 60 
60 61 61 61 61 61 61 61 61 
61 61 61 61 61 61 61 61 61 
61 61 61 61 61 61 61 61 61 
61 61 61 61 61 61 61 61 61 
61 61 61 61 61 61 61 61 61 
61 61 61 61 61 61 61 61 61 
61 61 61 61 61 61 61 61 61 
61 61 61 61 61 61 61 61 61 
61 61 61 61 61 61 61 61 61 
61 61 61 61 61 61 61 61 61 
61 61 61 61 61 61 61 61 62 
62 62 62 62 62 62 62 62 62 
62 62 62 62 62 62 62 62 62 
62 62 62 62 62 62 62 62 62 
62 62 62 62 62 62 62 62 62 
62 62 62 62 62 62 62 62 62 
62 62 62 62 62 62 62 62 62 
62 62 62 62 62 62 62 62 62 
62 62 62 63 63 63 63 63 63 
63 63 63 63 63 63 63 63 63 
63 63 63 63 63 63 63 63 63 
63 63 63 63 63 63 63 63 63 
63 63 63 63 63 63 63 63 63 
63 63 63 63 63 63 63 63 63 
63 63 63 63 63 63 63 63 63 
63 63 63 63 63 63 63 64 64 
64 64 64 64 64 64 64 64 64 
64 64 64 64 64 64 64 64 64 
64 64 64 64 64 64 64 64 64 
64 64 64 64 64 64 64 64 64 
64 64 64 64 64 64 64 64 64 
64 64 64 64 64 64 64 64 64 
64 64 64 65 65 65 65 65 65 
65 65 65 65 65 65 65 65 65 
65 65 65 65 65 65 65 65 65 
65 65 65 65 65 65 65 65 65 
65 65 65 65 65 65 65 65 65 
65 65 65 65 65 65 65 65 65 
65 65 65 65 65 65 65 65 65 
65 65 65 65 65 65 65 65 65 
65 65 65 65 65 
